mdsX,mdsY
-0.08221798128045844,0.44951693093522604
-0.3489121918242574,0.09837786151966237
-0.07638185077750556,-0.4520812235178935
0.16929786872258276,0.4359287069680484
0.20044316884049934,-0.14253120032939715
-0.4162968573150542,-0.0913704401326561
-0.13452388945182484,-0.20166289918677252
0.22721233876892005,0.41192060739901665
-0.30289608575093113,-0.18853423213330248
-0.32923688042616084,-0.19572941954555678
-0.355155845127872,0.2697220424752542
0.14794569398488225,-0.4419156362353347
-0.22392359325327715,-0.12557827162316373
-0.2065393647806634,-0.39784312656822024
-0.007218646769846738,0.13560954891764918
-0.09614654522449625,0.4025499555788832
-0.0715555609456613,-0.4156285737637392
-0.1107553386087114,-0.3221242359779579
0.24029709120552828,-0.2558744851367246
-0.3464189046168347,-0.04984346338925319
0.3001051842931468,-0.26748297614806044
0.12141032146678445,0.1771242686007811
0.04840989768354927,0.4015441313868912
0.2942423500852917,-0.3022251916881041
-0.1971678913337685,-0.3907088126446488
0.2536541085387807,-0.17365205516415846
0.15227168544244743,-0.3582914698113227
-0.006526817743932482,-0.45676220209296703
0.13342193134324096,-0.11803500047189455
0.2804346360016121,-0.3686157675672827
-0.049977811446639424,0.2567334021807041
0.2647038350084217,-0.28188492615113375
0.32556118959392916,0.23101789191792874
-0.16623410518485676,-0.18799103224990776
-0.36629920099577234,0.26768577792771014
0.2806892870792927,-0.32546951252893974
-0.38585966793453286,-0.19031404383966014
0.24318409705820968,0.37826485687866734
0.05175876550645336,-0.4105231225489226
-0.22774907127441835,0.16792883798667657
-0.2846593744212818,-0.34356478918611183
0.0926691743332891,-0.13015405033413885
-0.3085651022940756,-0.18518662399693486
-0.30888685814382205,0.22513343579389544
-0.18073241613724333,-0.4136950357716704
0.4006051847016931,-0.27601608855484727
0.3528483286007886,-0.3143277294724155
-0.2737927660668861,-0.07678078195795807
0.4111474852982602,-0.1616217569304936
0.14903608952373718,0.41625509364495683
0.4491492231553126,-0.14147892180995256
0.033986351550784485,0.44684212872743156
0.3514191601831642,0.2664512769679432
-0.387787840746785,0.06850083733107261
0.05374475020584703,-0.4522662105360658
-0.22407052453989756,0.28621806633771585
0.08203241257136064,0.4505360655691421
-0.11827717116389687,0.4441596401150962
0.16089213921273574,0.15284731570800741
0.45726077108584345,0.0004338122671969815
0.4308716271924496,-0.17746205119847752
-0.11404214497177202,0.4520367517893544
0.3901896176706658,-0.08952160502159082
-0.13524258667963343,-0.06812174111419045
0.35161497095785516,-0.30275393098548076
-0.23948865783400414,0.40590564025608544
-0.2298731907942086,0.41562062857665794
-0.2477751603976932,0.34714118372071623
0.430024443161504,0.2159894633954913
0.4202545965332976,0.22812353254541246
0.1147761306208717,0.2335996597176018
-0.1002845554883893,-0.2546475749175339
-0.2525911285711637,-0.2721425519303679
-0.42328865817290195,0.034160981959387694
-0.25072718096007485,-0.3473254647045641
0.04233702922765352,0.3079753659953712
-0.3201581263759242,-0.3629824301184544
0.07758334098821332,-0.2039532299545659
-0.37678331357551237,-0.18116188002208905
0.32034649234898793,0.3750637907583449
0.2637318826282901,0.25576491316721467
0.4382607096141613,-0.14891202285808863
0.39397202807752,-0.2548094453619296
0.1321379528410259,0.38348207125445494
-0.08246641725738119,-0.3869926440476559
0.4670902832177978,-0.06989400350281091
-0.34867923660560113,0.3329014262999242
0.3913851263305585,-0.2515883647221062
0.40543484140139924,-0.11375904022861615
0.380312154174339,0.25720670000792606
0.34437507831078856,0.36120569093450167
0.38795468601723965,-0.28965400204928204
0.3862391403879179,0.04281096583797784
-0.32592914554948477,-0.31643046871678376
0.07472502765387498,-0.19023091992640354
-0.36163872398581565,0.11676407812484653
-0.21483312684436856,-0.24697725401613252
0.07126365936201047,-0.22257151607837936
-0.32357186705315044,0.12577488377243298
0.07209987374762736,0.18626487545715362
-0.467345392655881,0.01127215075636327
-0.4468948763235482,0.1414687479981861
0.2895596885984056,0.3849965800639301
-0.19696542857452548,-0.4345153307370437
0.16613492458186405,-0.3922097914437045
0.19783687535265376,-0.43000392457693976
-0.41822776848768045,-0.15538637352694304
0.38241647115170485,0.3192349445781626
-0.32790930811070074,0.3425361534135839
0.19124980166742792,0.2250075455934677
0.14180376312643383,-0.425780012160218
0.25501950045462896,-0.05742695835846369
0.1957977873980371,0.3432105702555115
-0.35162492215585167,-0.35750303874310124
-0.1849504695078771,-0.2607243508392465
0.3841559939576654,-0.04094349220997166
-0.42087830630100054,0.18549475401876708
-0.1712975307548317,-0.3889366418062993
-0.41088454408334596,0.00788165050435557
0.3007908465782093,-0.3712137753711142
0.21306397814176095,-0.40066359461819895
0.11212377407659113,0.42892475271557023
0.17070261638346398,0.4067220673987011
0.11567635287487663,0.33178708643584737
-0.17689422380097022,-0.04642250061440474
0.42781757878518273,0.23373935328920115
-0.16647425502962004,0.3059241508992141
0.24738435964141828,0.3458900143877481
-0.37494839158744026,0.12257764033314297
-0.21393229353108595,0.4335642458039942
-0.45667200750567816,-0.10298879495562033
0.014461061316437285,0.4248796050802519
-0.1527145699329266,0.2988330548028621
-0.20184637927972598,0.011891042525172825
-0.42349691889385316,-0.046560469024853605
-0.1668645824115442,-0.442986884111456
0.24128162982744575,0.02562467619995823
0.3976315058555913,-0.18085460347692908
-0.32477962739005084,0.09945378987448669
0.3538620349036272,0.27541283065809713
-0.14324928232551,0.15130144120845193
-0.27494123051886504,0.1106596154372639
0.4310701451768217,-0.09233591814219858
-0.25890759706721805,0.18267632594010058
0.07252943018215875,-0.24815064530115735
-0.19112973377092224,-0.4049138068625445
0.2734826232336414,0.18479679684626357
-0.18624178810928033,0.01798322777901923
0.3472933550775189,-0.2932120355497773
-0.37406526861404554,0.31949386950859654
-0.1381198203589816,-0.3356145066788611
-0.03384395002712491,-0.3737331309603395
0.027118958161686663,0.39416422441664006
-0.3331764317343527,-0.13903830487679678
-0.1630233534522734,0.12970740642992773
0.17633685597093496,-0.016654331746513713
-0.3810236404854864,0.10308835694246347
0.4527097245035113,-0.16717164372790544
-0.1702541335293558,-0.40501686525077424
-0.12966179544487144,-0.21947525226952916
0.09443394932467848,0.2511929862263032
-0.03151254296364595,-0.23509600200395597
-0.04574870482995912,-0.26878589237521805
-0.1753051912302077,0.3804576042297363
-0.16818982628511633,-0.014487117463625432
0.09092277099717112,-0.11583233906128523
0.27925371810506905,0.06881412872739937
-0.27116520111800524,-0.1645743123447082
-0.20870012727744897,0.11921604670328749
0.45560282852335543,-0.16579846463026798
0.2651371256446563,-0.37428903373977424
-0.0882040932421017,0.08310656896102292
0.3835990114961478,-0.3332248571191872
0.39276186558416776,-0.2670216047618345
0.24848300905836837,-0.2454697497147035
0.22427082855821467,0.2573618589824209
0.4228182162385999,-0.26144350513882625
-0.13028086404554703,0.3605894159321054
-0.19018162629814914,-0.37833397611144076
-0.1630589643590332,0.45251111877158856
0.390462191856265,-0.22121937266991867
-0.16975790987587902,0.3793631958198327
-0.38262944115345904,0.16759110127412621
-0.11911063612543141,-0.29424190410775647
0.004828311449432024,-0.32213111998531213
0.10412119554319768,-0.4287244311873598
-0.38410219341088636,0.22009135142512096
0.286486406685935,0.24743801708661423
0.433623806548818,0.058942408641287976
0.08997473166190059,0.3629028919077893
0.38553767981509396,0.2481348543293582
-0.26751702971679864,0.2409420374860411
0.19213085473811584,-0.06705239264236651
0.40208988688290026,0.30359028413642436
0.18973071301787783,0.45816710792946447
0.3437115253240779,0.3730194434550334
0.09421528941562693,-0.09547286747840823
0.4543542191662532,0.18876917214987265
0.11885063755936505,-0.38162653838420013
0.28808508254971665,0.38419516866488634
-0.290509730596923,0.37719185615530465
0.44519956908390973,-0.14687340440413044
-0.00617949242268444,-0.19748977499380532
-0.20231424495298952,0.11091605011875005
-0.28198279251880504,0.03475963654758112
-0.15281906058442338,0.146486803747024
0.3073466738653816,-0.1764656504788903
-0.3406682346729404,-0.3333609023937105
-0.2234998897110308,-0.03271305581679553
0.1795724782949337,-0.15018546199097998
0.40944685039892015,0.2843755500920057
-0.027555692193613757,-0.3127975206638568
0.21278877404237367,-0.2704939285315523
0.48218177227064635,-0.024232843635421955
0.42540566519914413,0.03891496092850876
0.018597829500999606,-0.33440524568800567
-0.15786120570684686,0.19557279807598826
0.2195815536425433,-0.010587312760459686
-0.18296768316020626,-0.31759778525446847
0.18779037249196953,0.12930368934146103
0.22900747722879736,0.1888205541241972
-0.13603708236937173,0.10853510265567108
0.4317094011024249,0.18135537968192367
0.021804858308436613,-0.20665548367044212
-0.030359409468836397,-0.4724673974608687
-0.4001967062656424,-0.3317330062935202
-0.05441895154603947,-0.29471349513876416
-0.29621332722206206,0.40979883497774694
-0.2565082572474234,-0.30564295624282384
0.3894129212638793,0.3490031797773311
-0.19689975666216755,-0.078527252658727
-0.21136869112348064,0.04037465670226845
0.4496439495032931,0.06794438175196466
0.06853895936049977,-0.3526046402054124
0.0958380108975761,-0.17109686231662283
0.37099120714075523,-0.13287400023892282
-0.04322329991945776,-0.45190595635352565
0.4025095362200087,0.1683563645366363
-0.06153620195106133,0.15053721722294838
0.22211648239815474,-0.10580837521134287
0.46121265590720956,-0.015038133293109268
-0.040364471172656145,-0.15764106233016306
0.3483295445480568,0.10911430057980445
-0.41344079044485416,-0.07211970205486913
0.22886521120410538,0.23534546324940708
0.3042633906873868,-0.26118919398052537
0.2292845101045488,-0.3670685395166164
-0.38525310465310564,-0.247019867666404
0.3823868169780124,0.33590907465501146
0.3861850241117619,0.2654679897788134
0.33205758696264764,-0.2585253150178158
-0.33431856925366193,0.1962202622858812
-0.36038403531598917,-0.055982849558030894
0.20648811278126314,0.13172867275811462
-0.4254162414478222,-0.13703967876146483
-0.290870569624324,-0.019768173215265524
-0.22152441946213933,-0.2822194196691363
-0.4094814608224665,-0.05510748197902597
0.32303179580943975,0.040404003290395916
0.36676355550160095,-0.0866363321228751
-0.15431755572640868,-0.3883606338208874
0.47459854461545153,0.04271674540833289
-0.3834160986551235,0.1835307232552392
0.33562743346894197,-0.03881299165398783
0.2716421870404922,-0.37900518263657507
0.10925776009725886,0.21841694373050985
0.4057474552750039,-0.16077616096213096
-0.24943296325708555,-0.42471740889556636
-0.152857086133134,0.12892407401987982
0.07580005481733988,0.0929152170018962
-0.4594436254906912,-0.08860783297567762
-0.4736508309286379,-0.03546322444179488
-0.06481854189051106,0.14808069944344662
0.23876925931396384,0.3776889610586277
-0.20055913131288605,0.041399591511905795
-0.18409590508452658,0.4550971423913957
0.3623585052773048,-0.10301878037740902
0.11870182907792781,-0.3159458527601877
-0.28134539236386574,-0.4000392298328293
0.2784603449293212,-0.3887600318347429
-0.15653383910081753,0.2301733107482641
0.01671786013965271,0.48864884261417324
0.04904937523656297,-0.17135771534200675
0.13625386306574014,0.4691394918355588
0.271689257120943,-0.33901209309521896
-0.4270133619309714,-0.059880601993811094
0.1884650358959167,-0.39261832716892425
-0.26669502383052696,-0.2661063220945746
-0.2831831575670075,-0.1053531351886173
0.00790854794918057,0.2027796846122825
0.062053800343642405,0.372661154844844
0.22955963960581433,0.05082178165384556
0.26110743067688086,0.321497441972948
-0.11066448798964193,-0.3637950567944928
-0.29415282170289486,-0.10686936571121296
0.4430928269955282,0.10450812332681918
0.11305844856510622,0.11064262101492583
-0.2649074986139719,0.42159651450117436
0.20019504704148594,-0.13786099829808063
-0.2088150879745408,0.2324639424640943
0.12875410031666576,0.2874403161640455
-0.29429133877223984,-0.39046314397981713
-0.45655933841531915,0.25139607898448263
-0.3845776612772272,-0.33889553972210074
-0.24168227991508065,-0.34328011190227153
-0.42342083066984093,0.1919503831367871
0.2915314672543433,-0.4013432373951195
0.26469619648818643,-0.012690732512633696
-0.22294010517680607,0.001506738262108865
0.30826291026884156,0.20672999364980035
0.22484693713799495,-0.07339773282183039
0.4335124591614234,0.26777599615899295
0.03172482153901511,0.3220775519561401
-0.484606860883781,0.3503500437641768
0.29106580122608244,-0.3985163565549294
-0.3076357468448641,0.22977632968596837
0.4393202973290829,-0.19072537290793992
-0.11687838988490101,-0.440827504192616
-0.05806371609534866,-0.21604434727076705
0.408684093057511,-0.21621446476247633
-0.277312869587004,0.4360638943297673
-0.18394432549555143,-0.1690680712930426
-0.3208617144890264,0.02770405623424732
-0.23393946104530366,0.10722161576090014
0.2723328216078926,0.3974828077722709
0.07423128026227016,-0.4875675489071188
0.10468920603103755,-0.03476776368206128
0.41978383389681134,0.06639225823697485
0.21848253360893793,0.4317524080416161
-0.29940070407145203,-0.12220622545962619
0.31706934298692635,0.3135757516097587
-0.34580199008640006,0.14432830655577233
-0.44360380049170167,-0.2641974356603662
-0.014985379408990779,0.0014421872474787813
-0.487541345329315,0.02190818733237435
-0.5108570339825879,0.16633322253924446
0.07636230741897937,0.2795068449610451
0.30991792277400415,-0.3446827186015366
0.29944684119784015,0.4303235728144989
0.3520029557698688,-0.22306153654862496
0.2759049079707528,-0.2401094435609445
0.0048463456100035565,-0.3140680021368416
-0.19372327614856863,-0.3543671684436604
0.4543068427701516,0.24201412271414363
0.24573707172129705,0.42357132974942396
0.3802529306815726,-0.08534361781087019
0.35500895587848885,0.38781506011947603
-0.4788112151772914,-0.0017935097994780218
-0.45294715694655147,0.24208177227556277
0.15391537649871015,-0.4469715881094062
0.2072601447082258,0.13766451088378642
0.1814169384922525,0.4255808271463166
0.06427792833965915,0.49607220429735904
-0.08468603327554718,-0.1791269909827099
-0.3529779174823001,0.20406801880722933
0.2831408495688905,0.4403322573335701
-0.07513844003444063,0.20283497969148567
0.20192745375066093,0.15014656309126642
0.489270001409145,0.12218797318039182
-0.4337579574815231,-0.1519345389174011
0.05146520229630354,-0.40832053015017405
0.4920918634804334,-0.028436763476100784
-0.29362858137603065,-0.43555259539774205
-0.25142472561174706,0.008975198926969638
-0.5016666706638666,-0.07015357985644607
0.15539075655835788,-0.09002612891743382
-0.4076693786150572,-0.36558430711773876
0.42378028424991937,-0.2448671321329392
0.2221541662832937,0.3219823443668836
-0.23814585049218528,-0.43687614987276674
0.12062427164147108,0.37191031854775314
0.3973646701786392,0.3819632446356583
-0.24990100298718249,-0.24352402107133075
0.33495911273143864,-0.2358574883087648
0.1136684462727834,0.3284299122246297
-0.11898398060736731,-0.36789121368317285
0.43759825818765097,-0.23760905198042626
-0.3263513911729172,0.042873668688090644
0.3992796274710364,-0.3695102998515901
0.06712856993508431,0.21955991615481285
-0.019906592811100604,0.19888734803896624
-0.27628364575102865,-0.4456989250286134
-0.0034078179218994613,-0.37117316585351445
0.14210740626210702,0.32354701009239084
-0.3672695582144039,-0.10129378707331084
0.17145233818985622,0.4139318417993741
0.19927533113931542,-0.36731739379445194
0.22457149353569988,0.35799357979244717
0.3335600483007713,0.1276542715674138
0.46190059735003564,0.07776077106020426
0.38592562101589123,0.3922545966426789
0.4371011085226426,0.24669555115902006
-0.4143118402456718,-0.22480626908730506
0.15709097171026248,-0.4698742420654066
-0.1075928966682378,-0.007555606793108225
0.22404382460449832,0.4210274059082682
0.29707529612282,-0.42363616842545143
0.46387879849275404,0.2338993766749446
-0.07354995072212839,0.4913992716097736
0.1872056178144407,0.07817312884923774
0.008447790299074404,0.40403733919123164
-0.38989581081229496,0.16217872519288512
0.1435038259941811,-0.29665859463244626
-0.2938012849640388,-0.15749284307643638
-0.13865295785765638,-0.2393212552611835
-0.25123882441244727,-0.015284208037792263
-0.39380295472543464,-0.14511719592841912
0.060572080521232086,-0.37750084155903474
-0.24966543134006458,0.13804506063213318
0.2582698354514172,0.07316756051704752
0.06546925145690385,-0.25103374805348017
0.050111512994901714,-0.5001626078301863
0.2816634395907019,-0.3169108423207026
-0.43793285466395443,0.2950927345370988
0.4039446862369205,-0.07449258202805935
-0.4356164531793361,0.3535843289975512
-0.29305193273989655,0.07910352383004188
0.19873045139301526,0.4302413039294312
0.05572967651140456,-0.4163178780256811
-0.06355012996581594,0.4564739997553727
0.04298419629887789,0.3219735942141747
0.003643245454006846,-0.3726874786980087
0.15099290615612115,0.49324408550656146
0.07127381458351585,0.46134601724465596
0.16693303208505447,-0.310444129190025
-0.4789334721758519,0.16054317735863155
-0.11458066649041534,-0.16943712958048548
0.11368790153665534,0.10533097640686567
-0.10470425735171193,-0.35509007338450427
-0.3981860332531073,-0.38971671092375176
0.1002687262129476,-0.3807219967786137
-0.4314272968282333,0.0970113416467281
-0.18208597396370688,0.3663125150954273
-0.38786992503493256,0.25093069371970117
-0.05430006972021292,0.37022675841276537
-0.3402019661411013,-0.2668810525429533
0.3986650037376893,0.03369494468793752
0.21416056178063592,0.38805792939491257
-0.3153924083100434,-0.24166640913437762
-0.15044589360353364,0.36499910416408293
-0.11450367888293687,0.39990765967182373
-0.3970134502544191,0.2363195788157012
-0.2641602505838979,0.41857716629707176
0.2663122971506421,-0.45640387505109914
-0.3974730278348666,-0.2603779638905656
-0.251499819025837,0.2124146233590763
0.14426912385078608,0.25983105231709536
-0.28286116164453184,-0.3514267348082467
-0.10861977780467996,0.18631800943263757
0.3605924140835197,-0.06359578227294918
-0.3698388572983085,0.42821079177540694
0.11332792279761354,0.2677811890058165
0.08953161085698493,0.04835459645828023
-0.2937629480812699,0.3635970670582757
-0.09070887137007481,0.3361880931093095
0.15414358285534405,-0.3381553469154201
0.14024228146448703,0.06151021118910805
-0.46567074936394454,0.12885983977298354
0.2041400479859145,-0.38569715756877315
-0.4862744617147599,0.24375976956139786
-0.052896881452299135,-0.4932600625753547
0.3756494713776385,-0.36401045321578906
0.3841069649550273,-0.34438996263202715
-0.48365154739907634,0.004705461133665061
0.2633784448154974,0.30754167490786566
-0.3776057862976813,0.3793608151006491
-0.015239291305888107,-0.19582489170146652
0.27295941820375064,-0.33273878602826545
0.19818425153710018,0.11420385826498383
-0.16749404459467487,-0.15743745339252682
-0.11077505491077416,-0.3023136192580351
-0.19167849099588435,0.4815252650941828
-0.36339709424173955,0.3137129656532459
0.3460855818908803,0.3516031157493724
0.26448546379543586,-0.2767366714922849
-0.11772854472971327,-0.06555641499439481
0.29832517180917717,0.2825553173299969
0.29820909034529597,-0.33398507721611587
-0.025249245302845964,0.05901817492504261
-0.17687055254138503,0.42083011303710366
-0.34906553942293683,-0.37018180177162746
-0.037132880011736376,0.5011341417695514
-0.38596143770035946,-0.1490635215580616
0.1169474457223831,-0.2245181861351795
-0.3563113030638439,-0.36763769941090363
0.2996194532042023,0.15578981567564346
-0.4171299160196628,-0.27882666209820234
0.058062095030367494,-0.3472315057968157
-0.004528554045702052,-0.169596914323886
0.2326787364985392,-0.3802686820505793
0.13823900826100555,0.1711743791840077
0.2788879611111469,0.40953796470763243
-0.22320915659829965,0.46379189135647236
-0.10269654152583094,0.38594964938525944
-0.023202207843225152,0.3972224895646786
0.09227916908717806,0.45004570756917056
0.2108568538124195,0.2985821522040032
-0.05791338154277874,-0.19440349190486556
0.47662857291949384,0.09647090134446139
-0.34374675313217634,0.4441692812875728
0.40545576536763894,0.0640542566881806
-0.35907655861284005,-0.11629694350870155
-0.3545322310336351,0.22900539959341756
-0.4988644137369317,0.15920519224229238
-0.10693581172249043,0.3207702715227606
0.10011319757413793,0.45538154478568316
-0.0655992039780268,-0.17621768767636284
-0.2650429696855618,-0.21189820739530948
-0.053286649396774785,0.07791496165033164
0.24787741435080193,-0.4059612600378733
-0.3053742266615721,0.4364457273733708
-0.3468647328561167,0.3606537189890055
0.513405119863082,-0.09724103160045516
-0.09142847430845864,0.12934990204008562
-0.39420105895878593,-0.04092044571414518
0.30387394042446925,0.42126914341423866
-0.26518366355346523,-0.3965091903648039
-0.15613303799263129,0.2135960859972287
-0.2646849096452349,0.1145393450686828
0.32504280874341607,0.42659831645219276
0.05428206390490785,-0.47128814404289604
-0.215145053297181,-0.09271262625231705
-0.3588172199821243,-0.3442456020322014
0.4002735667814363,-0.21410357337015606
0.43919578849305685,-0.3192133270016563
0.17052055299054775,-0.4302882386764097
0.06620869076896323,-0.4006084611045735
0.094482682041553,-0.4598739085279828
0.1145381110385113,-0.49197970750795256
0.3218552531792132,0.44786542699685866
-0.2584167679049646,-0.47721821783845497
-0.2594995524234693,0.37765119674745345
0.16316464428915425,-0.5028130246438323
-0.452425265387928,-0.33585365549117163
0.4145627518860617,-0.3275040786948539
0.33123430417821864,0.21880693202581766
-0.38322847998528,0.13963887851402168
-0.2764580130425006,0.3726258035750607
0.047564150932057014,-0.33741364909127114
0.35611612066204706,0.09956671485533196
0.3451839200011489,-0.22124034724134137
-0.4944036979568483,-0.19545475580225088
-0.5082198193931504,0.15778089762069405
-0.46696030079715567,-0.16889797831658396
-0.3457800720524469,-0.19431077661290239
-0.32445991954166725,-0.43692020642716384
0.3609258973518682,0.2945498471589186
-0.4674810222033787,-0.25873058557612105
-0.048574271623454804,0.11582195079884293
-0.09173558108948358,0.04016877458476759
0.45353021911020525,0.3332883293641925
-0.48138566045444525,0.045192550084864544
0.025608403559049718,0.12388956252504636
-0.3142392419763762,0.4761181393751319
0.07980220432551506,-0.11284460383465277
0.22408386746959166,-0.19711581070273726
0.47496498972687295,-0.002815401690096306
-0.20626346788520555,0.40046267463379787
-0.46603946055869044,0.29110796646449183
0.07893111901843783,-0.298186019321171
0.1026836249043125,0.42656671224291187
0.4808139801137434,0.2857840386047916
-0.463713573224623,0.05805958187872942
0.39419093450361564,0.450164449620222
-0.09135528508133244,0.3540780805075043
0.032935508916631835,0.46598028455445395
0.14290319244901128,0.16851395391388385
0.2557022309683625,0.24553294264946482
0.41831545857974595,-0.15484917289452563
0.15723325716284062,-0.13368791876934194
0.45371239140652325,-0.34106908879532405
0.4076386376661884,0.1877524642755622
-0.31344220603727396,-0.3791120066194323
-0.33817171337381025,0.30610135187027837
0.26049797183836976,0.4166204978962849
0.4774271327568759,0.18608601575884062
0.1376979724662374,-0.3009005651411772
0.39194283936332597,-0.16925147052176037
0.1361060795266614,0.13996269717083817
0.44525521005714974,0.3559811820795004
0.08252711556704015,-0.43393650960366803
0.47814402246314375,-0.022748867139113414
-0.40202351204569076,-0.09987270141095674
-0.03645704755129179,0.31894213364235613
0.14839302208621719,-0.4783754385624338
0.4713894085047857,0.0521218783323984
0.030490313223980305,0.019627263501102665
-0.3382173396613314,-0.32948678166151807
0.3179857723998695,0.09738165493829937
0.3524827388700621,0.45177820933958984
-0.1783961457195228,-0.37661504928149975
0.4153392583176457,0.14006868887943782
0.05302316810299444,0.3771093761503302
-0.05791533070287117,-0.5305778131099919
0.38205989941840907,0.24677721521041743
-0.4747205688531708,-0.21188146307412675
-0.3234727334300232,-0.04494352410830571
-0.08845498674539119,0.49969010329643654
-0.35148489270887,0.13227092749420305
-0.1477895534599725,0.511299826491618
0.4444545736988197,0.2959485195587042
0.2702359078601186,-0.3355313776629377
-0.48736323436524903,0.3576093970031844
0.11095301222961862,-0.5029880670631504
-0.46092169646192477,-0.3729285421552859
-0.18927237068684818,0.20047874868349203
0.05623102118882444,-0.22553901359080158
-0.16800397511989773,0.3662410221437267
-0.13798849436533686,-0.4487918465596409
-0.22497597362913135,-0.2994381312277455
-0.5023009232067108,-0.24299754627317788
-0.10902905676299214,-0.41904543693040036
-0.28196658473612785,0.40419446189336966
-0.11387177233692804,-0.2346119106686351
0.338269901807799,0.42344485850251623
0.06851018839741366,0.47857911175373297
-0.3424446171910876,-0.45834151599231954
0.2316779909749774,-0.27659681873173614
-0.3754799046427803,-0.4563502453890049
0.40812649465478157,-0.04327569336517836
0.36424541520853876,0.44311421546518714
0.20356909150193767,0.5054516858322888
0.34056211703661576,-0.17621463845207763
0.3280252975034567,-0.2666286326503906
-0.2602877746227211,-0.3733277505945347
0.2597186828784625,-0.49535791806575025
0.40457284672720134,0.02040386125092526
-0.1289080074439828,-0.4258885225111385
-0.16270984572201777,-0.21257417808414575
0.17386481318600874,-0.0836910187523875
-0.002068501750288436,-0.44975509346786846
0.2919573424433329,-0.04456223347179399
0.2391045855206681,0.19855505309908203
-0.22407145859367955,-0.19922444476927853
0.4042599807100447,0.20383153348286692
0.2421755746152853,0.023217533413136978
-0.26491361229648086,0.2429974723013705
0.0070506543105598105,-0.41016371022546266
-0.41585049244305217,-0.25764601002344495
0.22866197444374373,-0.376199434507578
-0.007739992031560247,-0.3095720015514107
-0.3596879436818646,-0.19764812149437264
0.32146806552267937,0.17883246661769306
0.476292489772074,0.34255637189772004
-0.18554157703331622,0.4910455248229892
-0.4890250093666338,-0.25762857434366665
0.2623985807519444,0.34267086322290685
-0.23713327722072716,0.5109926283085446
-0.5201605427395958,-0.07062905215773498
0.34809485406328233,-0.09861577859712803
-0.25804584877202796,-0.22413748261878305
-0.4519120760363977,-0.26254289482786675
0.35222219273878935,0.3342413373564988
0.4390726005523771,-0.42213219347361347
0.3021041705147525,-0.018720263278126308
-0.2938480015683034,-0.012797154772635736
0.35209728097271675,0.15860420854901783
-0.17936749398355423,0.0447415785933141
0.17150737550783005,-0.4050097171017955
-0.13143149608692214,0.2687198537855575
0.2722387490573695,0.5168775861662162
-0.2180195444257312,0.24728209838976375
0.0448710834099999,0.2537226736970329
-0.2322015545901313,0.08814670641176443
-0.01839717995551377,0.03258298823466965
0.06959147953226419,-0.5106930368954001
-0.3763399516384317,0.3158007127276067
-0.38484555863848435,0.015090429206990634
-0.4489706827443674,0.44135111719116105
-0.5550577489122576,-0.04032120772320436
0.2994487009707035,0.4609199255630889
-0.14580759186847048,-0.32721003771968993
0.05285977596180832,0.5461651614687161
-0.3629011981586243,0.22481362751577222
-0.4025429235768406,0.3434174934853996
-0.4652523682516097,-0.4286379367814601
-0.558055259726276,0.13452552922596006
0.35539016583475225,-0.42791078117189557
0.29454347499760575,0.2449204048590135
-0.11621232851096833,0.2064335281420408
-0.11201902228399717,-0.14638401701421747
-0.11575079219119666,0.03413307006739346
0.008501027663506112,0.43218525487795273
-0.2750400945707464,-0.23087691364989804
-0.055480350061187046,-0.47215426290007917
-0.4119695798246332,0.4351353662833217
0.13911561596523556,0.46019106081793526
-0.1179690366753559,-0.4398266052997877
0.4318525642462185,-0.4283015964431451
-0.31444524879660435,0.022257590712325966
-0.06649650762306435,0.12610735868201242
0.3096709794971555,-0.3388898607437926
0.07251532434698436,0.5485449862693028
0.08985483774617359,-0.4766100645035074
0.16494743187082533,-0.16231413245425524
0.5144397172747869,0.21874992370753815
-0.07328485052464356,0.03605861435912615
-0.20840114815548594,-0.1526660825973455
-0.38716657784539693,0.05459302697764679
0.42555315971074187,-0.29789648423190346
-0.0747857681263876,0.5517201488021799
-0.33386419212492047,0.05174933000235649
-0.1316992225650104,-0.2968133316416299
0.16043262260017638,-0.4260966337126842
-0.06302806712708711,-0.5327209945822136
-0.23852639275286414,-0.4892133791336686
0.30747572342911317,0.09034412382277007
0.08794874736738705,-0.4452949638428665
0.341240061199066,-0.18348718375429332
-0.21723784094412085,-0.3041719661916018
-0.03385803747287912,0.24256397667987045
-0.5491483418295078,0.2170147219416891
0.4579417019231628,-0.07715378171535894
-0.06860274116154531,-0.2851856811348636
-0.08862049744819155,-0.3515465361896577
-0.36701839552684473,-0.0009584461088332709
-0.19584813609314528,-0.04551165521861528
0.11638450167035169,-0.5404273660476534
-0.03880058431678462,-0.3731914572936382
-0.19511253454552763,0.44925063888342326
0.27987792111110976,-0.43713557171190803
0.2268732420289874,-0.12333765799370623
0.4678833481588946,0.2028113742498873
-0.3649242995043725,0.502529950754011
-0.08799779813740705,-0.5160684902962875
0.12556528075615697,-0.5139856918343199
0.11550462070723531,-0.12215407416753658
0.34083533169863994,0.3373438556606295
-0.1114982209557814,-0.030102664393842966
-0.5610576924088927,0.0992339036423278
-0.06048181679588214,0.4653529232166493
-0.16181889463858593,-0.5116279353580193
-0.285120349961802,0.3157843971013338
0.29476129636726345,-0.03410489372552416
0.3350236910635515,-0.49448654616165394
-0.2617786665323094,-0.14297279750993727
0.13878742514034048,0.33733654384938583
-0.4425654742083219,0.40105786407366856
0.33779730466832997,0.2895014192368242
-0.5638876386533479,0.21154215056350212
-0.32301516264505215,-0.4213738725117134
-0.29742037880439326,0.241303813608689
0.39366924924374985,-0.41328500510083416
-0.5340047684193034,0.0681004348616567
0.4094185499164854,-0.0052707000849234655
0.3607280084400623,0.0835768081308575
0.5057972499034584,0.16750109109133543
0.06916395725104983,0.571380855711132
-0.5035330053498102,-0.3745474570724312
-0.4045991067940319,0.049747319467626956
-0.363991321643908,-0.48769054014517005
-0.059327845935190526,-0.02984649525997908
-0.5621307884532375,0.1855102735490808
-0.4029128743343993,-0.34480857182855806
-0.13097581971736866,0.3930799621907995
-0.4536676956576982,-0.40091868082567794
-0.4714348904538976,0.3606927930927223
0.571620447001071,-0.019332089438748132
0.06134234117785625,0.18382715611588252
-0.18451684562447476,0.555279609400529
-0.2742962586761118,0.5413528117742682
-0.15349670391238324,-0.2382692376935113
-0.5500397570674983,-0.2173827366148824
0.40354178409761177,-0.14878668276186152
0.5468806652463258,0.061415615201274844
0.23966528323087413,0.1445311396749113
-0.07193480676188442,-0.1787165178214646
-0.040998016577378164,-0.4645222888566958
0.2863234109377334,0.35991061933919616
-0.41169198112272254,-0.24594748997700794
-0.303191338259853,0.3732380981649931
0.032531253463770095,0.1952926570200551
-0.2598674548292159,0.26150123662512
0.08351434528008438,-0.321825632904822
0.4400967370530411,-0.26115919008094984
-0.49722417917379685,0.03920784173806128
-0.08056157460298552,-0.011678518132051615
0.5563765498935632,0.036253430742599166
-0.03193492910864071,0.4383691328543986
-0.2094848848838744,-0.09907087830476856
0.07968310534180961,-0.5356141418154499
-0.46163764186208517,0.2630451120510639
-0.410512823005158,0.301145023576872
-0.09385635922027825,0.49913896694580506
-0.2597966113601533,0.09684806744184855
-0.5267763985547813,-0.30082801728692865
-0.11032065345561475,-0.5477858530588695
-0.21146575370249773,-0.21690116277092986
0.532416198812984,-0.06723904396893372
-0.02907282552967516,-0.5342378016874932
0.28453335457475426,-0.4582486533542878
0.4445548764338788,0.08870192835896074
0.5252867484302424,-0.08002747910264929
-0.46173115657436026,-0.047942000418846775
0.2673637743307712,0.1681281140608859
-0.018676200040308646,-0.5042155398265802
-0.29821935544245015,-0.22834392870895476
0.2650568976228792,-0.1821815620953309
0.03708732398350457,-0.05915621010890887
0.21320315578351204,0.0024224169479645785
-0.15040265402223219,0.39722634778281857
0.09727970006889056,0.3162806503319785
-0.30271008652391135,0.018710770062453183
-0.021801440648757584,0.22789490269097937
-0.4930026073616987,0.1562139092580949
-0.11866702795576053,0.5322203256895741
0.45452664028420575,0.1708037034696948
0.5235267180986627,0.2688919026210274
0.33404738908335185,-0.1550469963509649
0.2287817604742224,-0.05675242170466952
0.19553992558376276,0.4095892773864042
-0.250230852295745,-0.43804585734831886
-0.507110509673395,0.10383931786622502
0.5678588589111934,0.2159451606536086
-0.056664619075523816,-0.5567971899858092
-0.07332156955819884,0.41818081300474275
0.344748345863342,0.23168284668309563
0.005833181190256215,0.5874822802912844
0.0931149858562768,-0.4242383810584327
0.38399957368606974,-0.13338635326210652
0.5525499751031979,-0.2603064449479096
-0.46149498570105846,0.06293493721618931
-0.43945545556595195,-0.468155403195772
0.45782461229860033,0.36687961369444694
-0.009730258640849431,-0.12474987543016217
0.055535189825528464,0.41412380086094797
0.4849020775556903,0.424337451865956
-0.2902919139030017,0.4472808650405278
0.26977746003483766,0.3861155122790664
-0.1801078506106635,-0.5223415668780066
-0.19429866552967093,0.08278241653802026
0.5261221231556372,-0.014900608251560758
-0.23047093939143626,-0.21693891755357506
0.10556157877907371,0.5682769708559303
-0.4894565909813945,-0.33290031716221824
0.02605331866289753,0.5920039971582427
-0.09591686249783772,-0.5755375481870848
-0.17255214356433204,-0.14020193923488108
0.2829407668599006,-0.5485048897256912
0.3397854937657522,-0.27366197343564713
0.36300061767238834,0.06773058881833438
0.5048067624034015,-0.41093771575901644
0.20762014155635383,0.47880436895937395
0.25584406321646924,-0.14825296306546992
-0.5325874877725046,0.05523100497410305
-0.23655999665079902,-0.04560897132013399
-0.5341326259174488,0.24284703827418666
-0.5754057768515227,0.14240113428158116
-0.2863084058051636,-0.5354248362690056
0.34246411170523905,0.08438994821231711
0.055006875210976525,0.28850344795243466
0.0008406551679989054,0.5802314209345898
-0.1789045225580395,0.1313040734384079
0.3533952684142972,-0.28900304758424133
0.5289329904253974,-0.20260958794909964
-0.16953125964828017,0.040621531529765685
0.5244277089548249,0.4098965506807036
-0.04467537098860636,0.20610744686194046
0.31798128690628064,-0.5524890657882396
-0.5125909432327299,0.2275584218357422
0.1586004086733005,0.38648014955917814
0.3740075857800814,0.26329826358115194
0.3584217401858832,0.006520685882316632
0.04544270289963838,-0.3946003383089938
0.31525755115783455,0.5039331709925116
-0.49650710634499634,0.4835236257131852
-0.3755906872101781,-0.09309048459097688
0.2550168886004476,-0.11033307826152472
0.43663935430914896,-0.14002553467312434
-0.3464450119199691,0.5582806424245796
-0.08833083925937997,0.01898595312450794
0.25864092098184976,-0.5191621946983028
0.25968655344495617,0.13193804345058227
0.577263514939135,0.13630430437047805
0.025812821321377105,-0.15497249749802514
0.576445483293759,-0.01114291775207789
0.3495234453915271,-0.16410344498490026
-0.3058620325200289,0.4079935132274367
0.4367408351268248,0.029743512995797916
0.2514514828840042,-0.35201398822817503
0.21266842323006488,-0.013539931276207498
-0.04678484485633875,0.16565586889405678
0.07187267237715823,-0.3003851393782609
-0.4671184625047293,0.48048778025729627
-0.03514773021199182,0.45555460870488224
-0.4070789516657893,0.021437898323624697
-0.39701026368544196,0.34632368834808963
-0.49714342179221765,-0.4757465016258303
-0.40394395177944387,0.1981057106127085
-0.05143528523474871,0.5920093647583491
0.36482822928795644,0.4317025400045391
-0.48743379600709297,0.4503016139089414
-0.31693828719253714,-0.5359396937739439
-0.2971560019030855,-0.3366133227371244
0.04398785130402157,-0.3769652728565086
0.02012288107656207,0.34998356153769805
-0.5120837484449247,0.19265751546047885
0.069419844427877,-0.4346640075172437
0.12547506051817875,-0.08192016575487909
0.18481108656657494,0.3005267765065052
-0.060981561356527804,-0.4499261710495755
0.4872785825397405,0.5066306968677663
-0.3728198176390304,-0.38910463949395635
0.5381219074165452,-0.11464513860377722
-0.1717084943704808,-0.15144198865812944
0.012973093982682028,-0.32571450208383584
-0.19899547546447677,-0.14731943498567718
-0.020497212126091225,-0.04311823038629164
-0.4112141480457172,-0.25524531948300955
-0.4618738000460345,-0.18752660084334194
-0.020493414563309817,0.535106437772773
-0.35813366048647377,-0.5674466579904508
-0.05836804074761836,0.2551020421700421
0.03980802871828015,0.22950155766372546
-0.18763137312623474,0.09576273533649103
-0.5033378772019588,-0.5291184045689354
0.21958269828933466,0.18462799300821361
-0.4079198688972306,-0.08062275246017439
-0.42328090217907677,0.1610853785396176
-0.37143178621630085,-0.03564636277184001
0.5775919911088393,-0.24449814053249982
0.3384650078106645,-0.1095035679795003
0.39355096223342373,0.026030866319670637
-0.23089875896855389,-0.2914610408348028
-0.49365418033914094,-0.5383562786786481
-0.4826176064654041,0.3786524415116135
-0.5151618395444316,-0.49546197668868264
-0.06482853539372833,0.5746814230421514
-0.2015948469978487,-0.12552633755909065
0.19358819534391414,0.19296571351811423
-0.20112354600771268,0.5686129470131573
-0.0850165224825745,0.500651793977374
0.028171579303391356,-0.04155036483424877
0.3299396793938149,-0.06159707508454755
-0.40986061319827355,0.3466124875029339
0.5620218017058866,-0.13998997317967155
-0.45906546327822956,-0.2641497785893524
0.4298824867820516,0.04671910865361677
0.13141514780190824,-0.2016141617834754
0.379994101877588,0.4161669374365265
0.6050540983903689,0.005179101175756931
0.47989977421674496,-0.5111022466793986
0.13405890242172055,0.4064896162461809
-0.5334332270023255,0.4295977716948888
0.15064540859500472,-0.07888441959427252
-0.4888661859071932,0.5492271154817542
-0.03879696271882115,0.5651749407894879
-0.06344361107039045,-0.048399761300094456
0.4893064673927273,0.4547662536516537
-0.5217813238890602,0.3700058009602568
-0.5332855700159932,-0.4639129941787428
0.28350901354749947,-0.5723537656063826
0.2705262740724236,-0.22413499203944268
-0.5668745421516636,-0.2797948449705692
0.3506421137291498,0.3154006821068697
0.45509755405756164,-0.4694428406245667
-0.5386293593844417,0.4324496194653525
0.3599719352059262,-0.3520673318668187
-0.1741588230233111,-0.4710391782607638
-0.488468497226682,0.4681230749673485
-0.09653775323452965,-0.33509352792857283
0.12629864629559392,-0.00600672961256664
0.32115136736747263,-0.5807764850030099
0.006476186875816941,-0.3026201505512542
0.4728566871644329,0.18886073908144288
-0.5535134649707771,-0.3883829699901223
0.4957126189117172,-0.08377359843867101
-0.05450751369369555,-0.3995061662704269
-0.20375376819513194,0.26201999392546654
0.5302697927011829,0.2067402594913808
-0.39725235767124645,-0.13127298039276697
-0.5452203442337255,-0.058737596801134634
-0.22680239571257965,0.5990653978540308
0.11709553093193435,0.2562283501839562
-0.24295432662659439,0.6051817118458559
0.4881354043115188,-0.2431650657824435
0.20734086073503305,-0.123649337539168
-0.1297686524073711,0.10905702190172759
-0.4549009588571958,0.41667777320858346
-0.2877711232324288,-0.13332532453538629
0.10123913604567562,-0.46770483305614236
-0.08410938191023021,0.5221319094966501
0.008949245987883377,0.2410234624789797
0.1608827139292853,0.33115989107744803
-0.41536476526842686,-0.3330693538503212
-0.5523441152432229,-0.33089811791119944
0.23691250839476874,-0.17798599399249104
-0.010657244217424977,-0.4138912802953217
-0.2468373191490559,-0.3806052440274088
0.411020224903034,-0.4495164395081387
0.5396337341401871,0.10167770293379835
-0.32474928765235467,0.41839665715874835
0.08250440605286008,0.5290925804974718
0.5535061327345075,0.18124060980392215
-0.4100167448430814,-0.5830859998635012
-0.18990038293864955,-0.16090119964715183
0.4146915699516751,0.5434570997703554
0.22351692430992606,0.10378894592366149
-0.5670824440453882,0.519767951715554
0.31022347635045383,-0.4288305923397606
-0.18870053304561626,0.5068803079158903
0.11537690016892276,0.08783144519397912
-0.33929024473887054,0.20967031118849436
0.017186363933692928,0.61284228896853
-0.18946126487075915,0.26223337483803016
-0.04243101122666537,-0.3588154201508555
0.3722157795294443,0.2064504908701519
-0.40029621007577515,0.4249743659262316
0.28481545936625624,-0.4028037897906248
0.5518274551042608,0.17325206638017793
-0.38616681605256953,0.4977251210823801
0.039154925069133914,-0.10889917643203505
0.4048112246556372,0.32705531498527146
0.05559798678963038,0.568189095911128
0.5256441429450142,0.2465343774877977
-0.37846943872507,-0.43180385036702507
-0.07719831195814791,0.40125136182788534
0.3184475529622344,-0.5452157522312829
0.16134999342197315,0.17319525801982905
0.6049809794378547,-0.34505178033916684
-0.05902328596303268,-0.0753434349471531
-0.5117932699685765,-0.47159072332834795
0.016966245451605088,-0.028192970483742696
0.5268312806305631,0.4245532481769728
0.07781830601737388,-0.2401684623624409
0.26270961050775143,-0.23277893213732134
-0.5046512384233776,-0.42653568485159526
-0.5152174908160473,0.26774871806848355
0.24078608240619137,-0.47906383040998934
0.540425436341932,-0.20322227539409943
0.5008909147006706,0.4750631142369196
0.2898202475946622,-0.4234652799104375
-0.4751318722227572,-0.2150346066419723
-0.48892132705815017,0.4313035542291269
0.2668370351269143,0.46653972987412745
-0.559615742044447,0.5574005253486897
0.3554573823110055,0.40989562604500157
0.06445717756247706,-0.16968414430350487
-0.12589283672653023,-0.09612606058809971
-0.41943611133504105,0.6040254197012789
0.3787752852035415,-0.444056223019013
-0.553733759401106,0.016321558512459658
0.35050853990378006,0.10848930774633173
-0.08094570616598093,0.23430577809412745
0.0665524012099416,0.6043613844143255
0.5172859897300387,0.08123114461486963
0.4497417076637097,-0.037697394623316956
-0.1157517782796085,-0.19350395249358085
-0.4421382960627984,0.15575226940769568
0.3838493931259028,0.38996385721277865
-0.4141961642320108,-0.5167005491018333
-0.12654980758170814,0.24132213350317613
-0.11276509282620274,0.10776640121386294
0.5516620023966817,0.20229216614987003
0.5129502372793582,0.34232997469390436
-0.14606085830394985,-0.4152841354919804
0.39095331725315713,-0.12621881474135194
-0.34926793819988333,-0.09854599097761033
0.32897309558267984,0.2547815921856079
0.5466873143696745,-0.25110660256276224
-0.3034203831867677,0.2991342957694857
0.004573070743205133,0.1011426205956767
-0.03371856032786044,-0.5683109346017312
-0.19548542588836532,-0.4386796271793435
0.6220172371819881,-0.2979962249731919
0.19388762723212424,-0.34703066923289816
0.13499569020817062,-0.43741300088105906
-0.15859135088421042,-0.05163892422256805
-0.10956787120674147,0.10292730192476297
0.45452422279468196,0.130685988777707
0.29068211284238665,-0.11728641856195543
-0.4178716893714783,-0.24443045167194072
0.5542307548929405,-0.5445374464004025
0.16159675123742603,-0.10849370256832283
0.5926482594415833,0.3571721365710715
0.44355043494033786,-0.3215294973710464
0.2354611800562749,0.22264548893307143
-0.6308065505293299,-0.06838988865737275
0.13233351273292807,0.4758012906140796
-0.13427338345726567,0.3067703584074093
-0.2178654028569226,0.07272299400021186
-0.2787924117922521,-0.4598834991205865
-0.302669261641136,0.1757875066205291
0.151518805000041,0.07977268181336362
0.4903041126123533,-0.05137821746680976
-0.5151369683036692,0.6031459400504322
-0.1162559928718502,0.23187571971921303
0.36756307155617096,-0.18252263645342545
-0.4777492581005313,0.5089781178859002
-0.36669856580772203,-0.21726651783025971
0.37764232077724735,0.2946661948711067
0.08592072885444285,0.48187168738769315
0.07170941459723602,0.4571728978334205
0.009527847712902429,-0.6498889141328291
-0.5990250092152851,0.345754361993275
0.2938579781435768,0.6280564546060136
0.037910072917876896,0.12332923334565048
-0.6076126250015842,-0.14207441373422594
0.46715483072456976,0.0763873326153163
-0.5375073280356588,0.3968698235200993
0.09763189697229652,-0.13604528941359303
-0.5399534121144509,-0.0573191107066601
0.34998745989443786,0.5742487788769549
0.48391587238722045,0.3333755558102081
-0.26823719396925955,-0.11580418738118307
-0.3795757428192641,-0.48204895742242176
-0.040925723598555036,-0.4792331696746981
-0.26482939130294136,0.41715746404065746
-0.14126489231361114,0.16014889057423765
0.13857442952512083,-0.6133586726230956
-0.528102319735478,0.4003503767770838
0.17633438298815068,0.19138230760599245
-0.012501249874097495,-0.6395582989937608
-0.1417289425976794,-0.46236267635386014
-0.34970633232827414,-0.6348804200683148
-0.29860613770737676,0.5959942946263068
-0.19922979368086804,0.1305395286607429
0.23404903978663738,0.5336361818449872
-0.36792821521575736,-0.38751232353349274
0.5733556405028845,0.5559532649919515
0.6070094490294693,-0.2031295702224985
-0.3341142647329462,-0.46613062301374675
-0.3742287712972177,0.4059498760859354
-0.042665164605522825,0.05461248525004668
-0.1517780976082862,0.36821883044490067
-0.3286984894620105,0.043899346546106825
-0.5347852686584681,-0.030934596109345933
0.11267262779504611,0.13535186372352184
-0.31134499245987546,-0.2070962363454445
-0.4430686850204827,0.5261496324311908
0.517616930920588,0.5181327484395247
-0.2235243274221766,-0.6238479443873911
-0.29836208590580715,-0.5446495077084361
0.5633424821629649,-0.5404867537461506
0.15078402477506597,-0.2958252349035392
0.2397869929911833,-0.04738282873860007
-0.23007115699236685,0.4972027795563291
0.5862136597311456,0.10592015739138419
0.20330707151644892,0.4478731824042038
-0.6015431918283953,0.05444828396029902
0.166509601369685,-0.2079343843949645
0.165393699834978,-0.5892211851505806
0.16964191105481904,-0.006675490527531693
-0.08857128797410743,0.0023894888978756123
-0.3424470233568903,-0.37357941564791564
-0.2395227147601954,-0.011942447561150482
-0.6041089609936344,-0.5962540409882151
0.15717235237001836,-0.2626851284345624
0.06264239794113802,-0.272978378894266
-0.42098908888159525,-0.26915023839949503
-0.14256064134641322,-0.34679972971077966
-0.5532401439832115,-0.19170257909363764
-0.24588923683891203,-0.1498554932251157
0.6098952660954585,-0.03238532821992095
-0.3430907056276852,-0.6220034813854329
-0.2690408281874086,-0.587145539011279
-0.2023731519863076,0.42142088243190245
-0.18098925484370684,-0.07562479919659522
-0.22023272285325352,-0.42731521365280484
-0.03692893939974255,-0.16293205291721663
0.25277630822514774,0.15782013218075341
0.29651333810095165,-0.6225382851689979
0.5978886607931423,-0.5894716915906026
-0.33361777625457917,0.11941779752023995
-0.47693837226963254,0.4489627340141554
0.11506500090923352,0.2707677377837924
0.5869077988241896,-0.32756007608973997
-0.07586352110969295,-0.465565915414188
0.1448056239780368,0.33519844736237014
-0.33375259678910585,0.10937602428156074
-0.07224453663732729,0.38760855706775
0.281911409060747,-0.6235034609469968
-0.5150679445956632,0.5799219929927518
-0.2848108007926148,0.19558975474905188
-0.5544049596398127,0.04764968515130338
0.4215100648691743,-0.1580082205904259
0.27591472880061146,0.29824441769448684
0.22129848106746985,-0.29136658211192357
0.3643414614093763,0.20565121516024168
-0.27108621382023973,0.4467314816676612
-0.24312312435605193,-0.2663836466613094
0.6522523748235339,0.1753947128723513
-0.5477982446916053,-0.040911059840229164
0.4882017846310954,-0.5981993053568728
-0.4985079631075441,0.42833254771102247
0.5028642664919537,0.41144567517658653
-0.02054020781859776,-0.4031491988035079
0.357974026424602,0.19511095462859507
-0.19117527744079435,0.3692477347980405
0.3440544483432335,-0.27521033942088174
0.12375800646294337,0.39817813328036195
-0.4281640225735383,-0.25028662172026844
-0.34161184293387153,-0.2166728377924053
0.17532288566337967,0.6185847587027627
0.14988595795335843,0.6357966089125502
0.10754568525690827,-0.5791934406264684
0.35218680073832964,-0.6159328045432361
0.397439801712682,-0.59288546220666
-0.4293231632654921,0.24681294837927678
0.3509692010595868,0.035205169103650034
0.04801626065025614,-0.055635947647762064
0.3606453580644624,-0.5632085279458537
-0.46139131690580387,0.30496758860933465
0.22271727513711398,0.3060386299558366
-0.15596660166799778,-0.5798443002229879
0.5506706482024055,0.18676883120382018
0.45984415061371614,-0.33958631655825605
0.08977274431855414,-0.5001462604908121
0.048233690118128156,-0.37812961341601226
-0.6565779629759589,-0.1344347459804558
0.28513744849753475,0.6645836042627485
0.6264855630635723,0.5668080968274483
-0.3918707733236847,-0.6213691816648382
0.20015536251736393,-0.10865403827655541
0.4394189964457311,-0.2394878277303868
0.5015772681657008,0.030278034304420262
0.27380171686033794,-0.5539163431949239
0.4304453978582079,0.07845482198568797
0.26335163357631286,-0.34141656515500224
-0.3127220441838623,0.4009232119303981
-0.026503498139125586,0.4360482607648183
-0.16896804166127088,-0.22886371999908933
-0.06096768552907699,-0.6727222185874854
0.2725739402670667,0.14042361906455791
0.14868948525947687,0.02374446595894648
0.4875209217572799,0.4267732051412233
0.400838380294984,-0.36486704345793675
-0.02006793963644202,-0.35592536520665297
-0.16081612109519897,0.37715346778062003
-0.6510020983434287,0.6282889143986774
0.10681027566205038,-0.3237548603049388
0.21668326142891628,0.0053310914076972055
-0.16492015140732705,0.42634256386668407
-0.11265197336323775,0.4508380706766137
-0.34447515088658004,0.33289697700081966
0.10339377435989267,0.5921276970249858
0.24111376533300352,0.3273125151020215
-0.2959787084084936,0.4755469005099471
0.6241781162666604,-0.022439255271168093
-0.46521537380508393,-0.4259620971725041
-0.6445368902683709,0.07278521492858755
-0.4312691623083182,0.4526065887476734
0.5852674536452527,-0.6394345580961958
0.010089475539360068,0.498961193395675
0.052468645531439574,0.3024365529826287
-0.009196293284438268,0.39055358375620886
-0.44244499665457,0.4092235317693393
-0.6126326678839277,0.13814356640605885
-0.045518185676384826,-0.32062836802646444
-0.6082120435467491,0.20309026074561132
0.06734994207557903,0.5907135112542318
0.2829277253207107,0.39624329169240985
-0.2112221743938228,-0.3541307234011327
-0.1690677492965988,-0.6141077869885083
0.623461556797636,-0.48999726260777365
0.11736307466716045,-0.399218373556256
-0.3032500636372279,0.1777201059638121
0.4199212379245503,0.11008116216839474
0.15400755212096948,-0.08977616344847993
0.4656419765810573,0.6358874714661362
0.38416105951767987,-0.5587254520628048
-0.4525689402284393,0.5282200849432227
0.4879251345817632,-0.679566105299318
0.3397344589714182,-0.17689763664289865
0.32615066350829264,0.5373170190399299
-0.517713912156824,0.4879205084344009
-0.3922811319941273,0.658812253728576
-0.43616925649407745,-0.4241633409583253
0.5946314941007194,0.3177742322732584
0.13083185332391978,-0.3720693359541367
0.5502899974567269,0.14412968674199916
-0.37883562121715214,-0.40368084198258214
0.6057243431012774,-0.3009575658613156
0.004210243615655451,0.5642332486053796
-0.6754273932533557,-0.2198143561426321
-0.2532022871016902,0.2479831558860911
0.6134709108672294,-0.3974964419819934
0.04414088261689462,-0.25019866795911794
-0.02410120646183295,0.3460704040202453
0.20675378125921598,0.6859973638131045
-0.15306746556324044,0.6865010304169097
-0.09641158614764646,0.4388300790004043
0.6465545792028469,0.14826963232095772
0.3941666721045214,-0.6841993951194397
0.22800988354624607,0.4305497958720922
-0.5127019021841309,-0.12417736227375221
-0.3082720265179877,-0.14209125327861769
0.41654584523782257,-0.057389525331616245
0.4248306948348606,-0.6683540993694791
-0.6604932686012199,-0.32315434208543936
0.495880236440198,-0.6829404724377428
-0.46781632155315384,0.020406012179260028
0.47170402808012957,-0.07657082588368344
-0.009687134896975999,0.2591777099635055
0.5736991683007101,0.4480426631943102
-0.3201556703942085,0.5454088935101955
-0.2336347746893867,0.43355573738812325
0.40182497737423034,-0.10059759819225512
0.6773135586149479,0.36127209800549276
-0.42390529897756607,0.600239808541946
0.6656264681383343,-0.5168257896992352
0.4975038553451268,-0.39206111785568476
-0.6808872030501009,-0.2676257324457579
-0.3663730477838259,-0.6875840220924887
-0.5682548679332337,0.15841636405727644
0.04102216147001083,0.028901805982903723
0.6061376058999082,-0.09029584227794933
0.2593831278297136,0.415305665182116
-0.05231314525985746,0.44529496111515837
-0.6088458278315904,-0.5859217626764893
-0.2968926339474482,0.4810290248618181
-0.2603021156868603,0.08277853115507974
0.28654497041155635,0.13811984927225293
-0.32415322256153106,0.5769762590736608
-0.541073130247282,0.29125032451504446
0.6452729396363058,0.16868949879747794
0.595583790736288,-0.07911586756663047
-0.7112430025634834,0.011492571058663666
0.5351036578098068,0.5623752879380584
-0.536775267833264,-0.2416681090275765
0.5977842539238591,0.24595505128120734
0.28697864553420027,0.1660371139368012
0.30806114382375244,-0.6279175321597675
0.5457701898906268,-0.4608392025206093
-0.5813708591278285,-0.014660126842639794
-0.2893423818603097,-0.678063701494125
0.586189954427089,-0.5353277210059304
0.5351233928544855,-0.3279292095727222
0.24725643538641384,0.4911582073242392
0.23042738221535772,-0.5804749478174055
0.49316865599684345,-0.44548162604650854
-0.5563332947918591,0.5988503760268413
-0.3437476942162468,-0.7319179988591804
0.5913326199160847,0.10267488126745213
-0.6393061065651033,0.10633708492942105
0.4520547765837445,0.18785912922952058
0.5531928500662879,0.6146377593196402
0.5050577613609867,-0.022347260702727856
0.4437869034876746,-0.47783182935991547
-0.3205733752066472,-0.5706666223677748
0.6321097355804868,-0.3623518246579763
-0.4751794975192065,-0.08885107647597235
-0.18087840697954077,-0.19105504813647703
-0.1782669328496783,0.21045465069394756
0.02444205727513559,0.09958690012095135
0.1653662567140007,-0.0011746510170364773
-0.04595908875672943,0.47417533329144057
-0.5185357422914121,0.7151565597272136
-0.6807142772943134,0.024623193532858738
-0.6552135328816519,-0.4311426783875952
0.6281519847912148,-0.12641773387557212
-0.006456646862746372,-0.030411854495332503
0.5452770563375483,0.10110722403378175
0.03441109130288457,-0.6185502521134273
-0.21120199641155418,-0.4880454134227166
0.22486860340730042,-0.22186487177891556
-0.3488734455368586,0.10408264877873588
-0.1237805878506173,-0.6151516818506809
0.5320860042768103,-0.033931954969693055
0.04132836113262375,-0.6972894885456381
0.4034782976479693,0.7194510618066965
-0.17227220916926292,0.6443546042046928
-0.5809222420916167,0.13912550487848202
-0.6216478233580913,0.5257758160914108
-0.4365950725125881,0.24796812693333214
-0.736913620635352,-0.21188214877582312
0.6102502098344481,0.017923660749123
-0.5172109049526868,-0.48354708310703465
-0.21041382836465408,0.2386500827308817
0.37947413521041,0.4210428064924355
-0.18359329510433234,0.3747211820246351
0.15702871977168195,0.4054363285283406
-0.41845009557397517,0.03420716107770259
0.2749383655167437,-0.2599556830112938
0.0023968814407340448,0.2301472585286619
-0.3609202740411956,0.38517944226084644
-0.2348183719687674,0.56064033819912
-0.19675504888959602,-0.7370091288423435
-0.41568972128462855,0.38521516062690375
0.2462687150374632,-0.4170129984613213
-0.6022413633996841,-0.2621477363707015
-0.03625564421056325,-0.21572399690318733
-0.01655420704495536,0.5037397306921375
0.6526894680489785,0.221090630406205
-0.4616136478471988,0.15376649168779633
-0.7290787332419532,-0.13459830473966927
-0.4502001303554971,-0.5282688042841798
0.5895075952479135,0.6959342332690402
0.4935479476391996,0.5649593947295003
-0.04127095305751135,0.4085667710534662
-0.38587655150953143,-0.3497808499601879
0.08961562535474932,0.24494861911516394
-0.2279536655521685,0.25151977638348383
-0.680593774976315,0.702508700482189
0.07169100862257746,-0.3800872848446975
-0.5673468432768148,-0.37347041170142536
0.41634061402013334,0.6214604195848621
-0.6566601186833171,0.06890159542906049
-0.4274570143905875,0.07151951686542767
0.1117712417763218,-0.09889708887606527
-0.30184190964855606,-0.6587920239352454
0.5548310832934303,-0.4073333328772126
-0.60054720734303,-0.3682765215232571
0.35512118946505805,-0.5048918360195133
0.3431247389549029,-0.14099002637356872
-0.13619001241718073,-0.4209775307742491
-0.6737699781904655,-0.3923382269459436
-0.21721412812489174,-0.10769238496138886
0.26411210587837475,-0.1346067134789021
0.4501553955600509,-0.3085938342306159
0.06681099250543322,0.04422762844812219
-0.46781221622662394,0.4480790328494139
-0.5119653737580389,0.2702276457556716
-0.21523199265815973,-0.43579276716550003
-0.3561748346834575,0.18343241772144167
0.24691316092005858,-0.5875636173911178
-0.6532476579676321,0.18495954866175943
-0.6180518528101486,0.29574640685887543
-0.22070000277649754,0.4292549100379758
0.2295166953937443,-0.4776278242335476
0.28456498047703055,-0.38692833794132503
-0.056924021277598526,-0.7557187983624762
-0.41742275329208534,-0.37831771929731084
-0.5088816188962194,-0.5532877186236014
0.013752484858618092,-0.1815066469487864
-0.14137434414704336,-0.015059908018089277
0.02493824980981434,-0.5101263473553653
0.46640301480289015,-0.744732780911246
0.2969977018261556,0.6184628902815383
-0.6773980286790352,-0.09478357923227684
-0.48844988898418834,-0.5429521920625957
0.44160706547784007,0.055974655923197156
0.692431071481178,-0.6401217735496878
-0.5826964859122519,-0.6189159909346619
-0.4115321039273933,-0.4604990159864482
0.055247358140800874,0.6378582009081892
-0.7060724916367342,0.4203464754431003
0.608380443440724,0.08596676874439496
0.38217438884360144,-0.5421941102215005
-0.42031027608058347,0.7462319145989671
-0.17528703866533568,0.7085691697496584
-0.4502652132913666,-0.051353060142802893
0.34497643483829865,-0.6292570936266735
0.2649351971057139,0.2079875559764116
-0.4714157265958374,-0.013833184183018304
0.3298537032267907,0.5450122720542468
0.748899469021041,0.03785892409932334
-0.35970745073958743,-0.4400762954158881
-0.4061086369837554,-0.5959263338202431
0.43848267172671473,0.0242592807168525
0.38266476811264877,0.43315378774420527
-0.570941375306502,0.3213790247754723
-0.34989151755221387,-0.6302525045854181
0.2617093621569723,0.03647502303170847
0.024418265972654455,0.6152961083536866
0.2152399624153408,0.7026636661817173
0.18102777389344923,-0.756700552708118
0.33283966672968585,0.7262816763824763
-0.24282952980274156,-0.23811611268179064
0.4527462592881344,-0.28412566214968127
