Component 1,Component 2
0.5007388766684628,-1.282140946434073
0.0346174474941243,0.2660858484106875
0.8423643704474526,-0.9745654551327841
-0.7595464173421864,0.33956562443938965
2.7362972730313913,-0.7224212809614463
-0.8781082363702536,0.21918237770092988
2.982472014929931,-0.6426130437143645
0.9163290597115465,-0.2898550222566572
-0.8381540201386494,-0.07386673547696819
-2.135543248900635,0.32375812325495923
-1.322818059804202,0.400302134374946
3.396465260112211,-1.0672384673694237
-1.6151943360881902,0.38479053027261695
2.7863876233278133,-0.5321512179606918
-0.21063493142369663,0.2494491568308544
-1.5270800332028303,-0.4697990172541484
-0.6012738199941924,-0.20810250301997657
-1.9998828071981305,0.5057970237148385
-0.35376253862312634,-0.22924567146399086
-1.0705936969041001,0.5969175759982206
3.5465371744336145,-0.5399171225385704
-1.6250302221013968,0.05200877869768363
2.774437057707931,-0.44631384746753117
-1.271161886226646,-0.8133095510349755
-1.3598718239313183,0.22034890272503116
3.974782581112605,-0.3733913648856084
-1.61470303977615,-0.09898824171046099
3.5256975674306283,-0.21641431538474407
-0.0006262096091746831,0.8850946906788567
-3.8852828959557,0.30393834254600427
-3.400147883639302,0.673939232118441
-0.9912900573012959,0.46498188673850593
0.870318089041643,-0.4987999883403213
0.2360817245314634,1.0355450440805496
2.5551738934691466,-1.4556424672389452
2.894256234515514,-0.06978909247775374
0.0241241252309076,0.6561086767018748
0.4281451682144298,0.053486044827767705
-1.7809735437207923,0.49055448166918025
-3.3340349049303826,0.4786375849399698
-0.07697864184451146,0.4166789489951797
-0.028964789635003627,2.0788538371108656
-1.3552518076974431,-0.3038240694187
-1.638771286946512,0.035475782803711
-1.2354879951488111,0.4671583820417185
3.5156749911680025,-1.4314370177164972
1.8438014209985965,-0.6320646012294375
2.7637871405321497,-0.3268075706737311
-3.418176122568608,0.2530438111723694
-1.6228747093945208,0.007588608784660463
-0.6500670952682603,-0.36257310642931245
-1.7413760384091683,-0.2101394758312667
-1.4035255430638796,0.7924785684650557
4.508269087210546,1.7853442729819577
-1.308727879828635,0.09877731305632059
1.102411954733092,0.7502294970275202
0.5322248844422189,-2.65902715139698
0.5031681293434721,-0.41291352630123285
5.7229884155485005,-2.0176724544435127
-2.125370557810755,-0.41712539083504746
-0.028415816930229782,-0.4845333333499069
-2.9756611510659305,0.3672983666222243
1.067748070231985,-1.6481515152710087
-1.2612205917012438,0.09349551150634036
1.8154909837968498,-1.2383018181848087
3.151414241954953,-1.2509848586935388
2.9387341439172854,1.1696921326305338
1.5906023090405583,-0.5192145862714873
-3.3161172770350476,-0.09567050735593272
1.4940075666439336,0.8896449469783191
4.801574691164483,0.5228589419252494
-2.013229296204862,-0.09576521421175123
0.05348253628583439,-0.6467865943464192
-0.7751271691744253,0.6908081239107586
-2.5780754306385405,1.0808692573932044
-3.4906557224347603,-1.468378971167988
-2.0579602840467617,0.52659686422548
-2.068432635610927,0.17877301934872616
-0.3706537359838976,1.6268404930226648
-2.628056219438091,0.6751544254137272
1.3823082655262389,0.45492054846221813
0.15675918048476825,-1.6753593259034594
3.011584057580581,-1.0351447447397795
-1.0394087774729506,0.4728381732579614
-0.8037303846472751,-0.9697663725449263
2.8348635478699418,0.7568483896060018
-0.20045700219659024,0.41269172428405965
-1.2099989072973603,-2.090813124303481
-2.538623520194442,2.562354053841804
-2.2445757803679727,-0.05242026504107045
-2.780641636943919,0.1309403255386899
-0.4944006936639899,0.6212888267116637
-1.5737422226932811,1.2440957748746768
-0.3235161937116191,1.030162090929186
0.22239914426085103,-0.6902748660455017
-0.7598830077960108,-0.7354080224231292
1.7195419453672658,-0.17173565890946885
-1.7873079379740893,0.5343385080827198
-2.637927548872589,1.1295835956388638
-1.9892997532889494,1.1098059916318708
0.9744886828721993,0.4033110337546094
0.17629789153582506,-0.5002642692130965
-1.4127303503785453,-0.045043473362450376
1.1870491376170031,-0.36489930770128154
0.3624093364233637,0.0500904953194181
2.599511099976888,-1.66601549731384
-3.0341402440073457,1.6521026251079496
-2.6449521208599576,-0.22701846448970991
-2.225178600453452,1.5587697557584228
2.5960618834708593,1.0139489085633437
-0.5277900845646691,0.6919897716375263
-0.8016038309439353,-1.117244246383684
3.3728470899168648,-0.8069968324728454
2.3550356083182353,1.8468105446687755
0.149223077344155,0.5952111094623496
0.41331497756031227,-2.933560886051559
-1.1648827654109541,0.4420267324424391
-0.5602054767096026,-0.2873159540505539
3.5064622230674503,0.7898091283974489
-0.8942239774833041,-0.9308870911828224
-0.5335587374210431,0.4657940320243431
-2.8874844442670637,0.19383494325302672
-0.923827771403427,0.26817083324955904
-0.2818688843829119,-0.6954296513835462
0.4023592015019382,0.3103520650849256
-3.4236291837945565,-0.03140017142634134
-1.088002361529375,-0.45867940895532044
-3.3294170522341426,0.270937621650874
-0.9609970073946472,-0.655068928109174
-0.6293253159609687,0.029163120065531536
1.3405437902451318,0.36402064600744516
0.5081818771030638,-0.3004287236115671
-0.4227862909973169,0.45563995823611836
1.0935667883913744,-1.0946659057546344
0.5406682172311624,1.0654873868965584
1.442592255989059,0.25623022586135086
-0.6658584463976838,0.32545485930702855
2.6087985248776815,0.5266269012570097
1.6385628378488246,-1.2795353054200302
0.16802204290193623,-0.2884349871826452
-2.650797456750392,0.528349477787259
2.4149461391441003,-0.01890369516700936
-0.7527784540179122,0.18479146812637032
1.6174081702381184,-0.31973316418454456
0.9265933044632133,0.6912172963043377
-0.9445248573855484,-1.8266499085118313
-2.8671719820388724,0.18017925234407053
0.6697092363620649,-0.9367450351617191
-0.8636393441585861,-0.8465227543386421
-2.018839428435982,0.6048818713528185
-0.8589231313525018,1.1213668714770773
4.495887896261269,-0.2628429224834265
0.38226657932061114,0.09519025269231933
0.5461814083799894,0.46593393454765686
-1.0296531109897944,1.3857676513678903
-3.1897442195151893,0.44249708719919834
-2.1934894748452716,-0.20223636171640869
1.5343217382254584,-0.8856380009751221
1.4844572803531801,-0.10964324116344086
3.808693956714844,0.9798761422261628
-0.0653518636931023,-0.04242424624403282
5.445032917318217,-0.44130512232045144
2.049434841272221,0.0552418935721954
-3.0296283268049615,0.2028965409076027
-1.3782551834336634,0.16283418146968603
-2.5921962906913474,0.6306630015038076
0.5352637035570805,1.3452952951852102
3.7686443680173647,-0.6331902534778524
-0.12498795093855664,-1.0914050556536883
2.9107015934563587,-0.28542226369071927
-1.3056791761925062,0.5404519070043513
1.777902931606173,3.1563759952686357
0.3059427837802016,-1.2673772154466472
0.8308579336029952,0.16713680413405577
1.1739307544746644,-0.2115585998551693
1.7620330171749847,1.5360204968506144
1.28638122342504,0.21374837688562792
-0.2501387199884234,0.8805375832836148
7.2025727164304945,-1.2680392953695627
-2.003781778206152,0.6036314301496
-0.0922442161488687,-1.5828581966238828
-1.143839163336835,0.19568119585751248
-2.025144290376295,0.17032869129591138
1.2301130409736543,-0.36801054287432955
-1.7603213769606139,1.2677196426810957
4.416787129962892,1.7983651749595042
0.19745570921190336,-0.4411343886315427
-2.284467816325476,0.9440971321456125
-0.25642525249046483,-0.40720941565192503
1.9915988337187587,-1.525433704303638
1.631595545323939,0.6491569191132308
-0.4320756655227564,-0.8081749986508454
1.1530892730279108,-0.537291658893825
-0.6793549561251698,-2.035009660764231
-1.9131701151490887,-0.32610060081123843
-1.439268693587732,-1.572973307526338
3.146404891113481,-0.5164387678685378
3.4469104587481127,3.8832900995387205
-1.6837680475065093,1.5678680252861907
3.3292166610552143,-0.7927500531358523
-0.8605985857451726,0.10268092447192513
-0.05756711423567767,0.17965158734913456
-2.085773059725422,0.04267770848634716
-0.8462630919321171,-1.3050756597324478
-2.533173394084178,-0.2848488465554472
1.1262649085570888,0.5343491843724371
-0.4792453517013139,0.5648038518810256
-1.532190010776914,0.8384892022037238
1.3863565329551475,-0.22045020034383622
-0.29563972592065674,-0.1506334845764491
-2.9792683771528,0.7262550613863012
0.2675390046476294,-0.20994015891359347
0.9241701672184638,-1.0540929000180275
-0.9820070624384375,-0.7053149415527666
-1.104764465871676,-0.40517716321079533
-0.8395718350544614,0.5681984550215545
1.3538867642477488,-0.8799454897647306
-2.7960380305185177,0.8671355511006831
0.9795493167510233,0.2678408259297809
-0.04796422233569828,-1.5465259970810166
1.5057257870928809,-0.49359475349121124
0.32012954564455093,-0.4252379129423558
-0.6249288541279968,0.1542289382420141
-1.8325302506740047,0.20040086758224704
7.509309867047823,-0.5101152789202612
-2.5188975867516836,-1.6118907525137471
2.5983455407182823,-0.5142077095951881
-2.773938891959817,-1.9775074261781107
-1.7537091507925424,0.10411366322120667
0.6593257776177847,-1.267760016081531
-0.45182835617332284,0.18483795554244412
5.560245897702479,1.3663684443620772
-2.562676104965128,-2.1765249658741377
-1.6623098571377422,0.1805315551814504
0.01790425189314998,-0.6982349980839715
-2.1958846810682138,-2.4408449317484733
0.9561933557883744,-0.6941687655051322
0.2587365143185933,-0.572046589323497
3.670624744267672,-0.39639952399027495
-1.9823522510546625,-0.007152253770443535
2.437177171823422,-0.7737314936197665
-3.1874041830706954,-0.3115158913017848
-2.6559091820778162,0.882053910215572
-1.693717434748896,-0.22176325114851253
0.7137560202557252,-0.43476327019043487
2.540198343036292,0.32743812347510054
-1.012501817192558,1.0066727414336776
-0.1426224587113084,0.7975121349875975
0.20406597824407754,-0.8347984312777541
4.046554702731167,8.801507935261567
-3.0291567020897476,1.0151712521673142
2.296140970377128,-1.8462726298517753
-0.41051471412900103,-0.905461877667719
-0.13091107070746924,0.6081953349241251
-0.8408252767997402,0.7089748105005914
1.1684358779106812,-0.9769794507839843
0.16858068217305053,-0.945772782747787
2.0175253831194437,-0.6751817053256907
1.0484108655666973,-0.6120751183265075
-2.7680043571588318,0.30263636754095924
1.9576671987670295,1.3621405291857556
3.4749170921445884,-0.9991479847126141
-0.6324810635424187,0.07876528258586231
-1.7884141665934548,0.13095409053219928
-3.003578638368812,-0.4699133901339795
0.933773548024967,0.20158730969144706
-0.5603285988499862,-0.5051196851807899
-1.1687132787317496,0.6633245539400761
-1.4499560829735894,-0.05665901868252454
-0.29048427784459224,-0.3716708178565802
2.401600881632508,-0.9395228949574844
1.0334387470835253,2.022356431935009
2.781710187035448,-0.605891870872871
0.2962603900182083,0.8157951757559263
-1.9123807996434694,-0.08548283100578272
-0.33651511917096805,-0.1538639667966063
2.0226072941628055,0.860386889453691
-1.2089594786599782,2.5117328964903054
5.583133705878075,0.18486719882516967
1.2096600523508003,-0.11764944483447613
1.3815893180876646,-0.4799889073405527
0.3454580825264213,-0.9013517658856411
0.7859434272560429,-1.8871845163390129
2.3948958613531777,-0.9715272577474405
0.6913504298057451,-0.3841190080929555
-1.0852332395806978,-2.245315102600806
-0.4067719063933719,0.38904779099120546
-2.8508359016231615,0.39978273553439553
-1.846780080897099,0.1480105988242489
-1.8768465957574663,0.3839075602385829
2.0551475506993064,0.33702687783461643
-2.4673766132091997,0.8657335032657424
-1.3991513681008934,0.6768290784068131
1.212861823292551,0.3124730575943576
0.7648758616573714,0.8122903357913567
-0.9806298723704012,-1.163837547375404
-1.2996529075691117,0.9281650362808449
3.0151124331759895,-2.500910597599463
0.36083548858385306,0.1507701861463629
-0.8064811329516386,0.9210111401494102
-0.37437675465734715,1.4689624363532228
2.0400557932971406,-0.46432965990381014
2.5795130551550463,0.5865626357602852
-1.264597432143504,-0.08706183621731832
2.910149986176576,2.679327039054711
4.258303490693595,-0.3851060228545992
1.9221954477872911,0.3269293534998315
-2.6805721544437198,0.8732050844621149
-2.223023355710831,0.8163627715510766
4.114905880671305,-0.05326824417741948
-0.7789067811726007,-0.8503082597991636
-1.8377052062544776,-0.12937446300133956
-2.042817590623296,0.308270965573101
7.1512953627110445,14.195699885419888
-0.8215067527569653,0.08572197379007926
-0.4315870945600904,-1.1132374871340465
1.6336670898694816,0.17037368503250386
2.259618324076326,-1.2151612308635913
2.704110107156152,-0.03936832906534997
1.2698302401126846,-0.06834759760927997
4.310908090223455,-0.31070152094865766
3.6940616883122672,-0.7434345347329312
2.923699065981118,0.2671160831008521
-2.2202518914045832,0.47375919451939646
2.5684604979706673,0.8466333515936187
-2.7254358407013073,-0.21016388974129435
2.0897349084982193,-1.0225157758561583
0.016678097804565552,0.7519746581563359
-0.030049937848698898,1.2998789927926657
-3.1415783201846468,0.45936461319604455
0.31754821600172156,1.091559268724104
-1.4639322462865096,0.38785822773893247
4.655848396007449,-0.25773852496741856
0.9143489545085087,-0.9847770915000281
-0.2391901556330634,-0.7629666109691302
3.206146872819376,9.706231931497031
4.4304842430413105,-0.2768521140930368
1.516057902353342,-0.47664107546556606
1.1516487588619284,0.6995444002172168
-0.47542468768996304,0.3335829952647164
0.9047599585369916,-0.29477642667453047
-2.8262021662390007,0.3391155861442278
-2.6016691635985962,0.32731563514492545
3.3881278194592657,-1.5184529655677754
-2.849025683943729,-1.3163181428424993
-1.2379502692229272,0.3235512871184407
-1.3021707982355881,0.2698737103714981
0.40733133133674954,0.979614415348238
-0.6298760010007846,-2.1237189629900826
5.928003297980847,-1.1613483913125215
3.8719797252201125,-1.1502812031914353
0.6851319375802173,-0.3648635726614562
-2.830497114538613,0.250514454962322
-2.3331884467020427,-0.0008643134565206943
-1.1743505961236718,0.4943135318358855
0.40773177809394207,0.474911274759983
-0.16668897084483492,-0.40089592445104144
-1.1063302634811103,-0.6937645703886135
-0.6920572257657297,0.9329193389803321
2.366336903471211,-1.1316686490109826
-1.0677473005457025,-0.48623609231701986
-1.6054726975973925,0.7615230446504098
0.15094425154392752,-2.1342175180695095
-2.175672278068422,-2.402778674288376
-0.1702019132895622,0.0346371945181638
-2.0584195530826475,0.5276987011949993
0.44822607644891166,0.14303504483945512
0.346173028719325,0.8198106074910886
-0.764632998198587,0.6866157818288481
-0.5273573952301887,0.452880448837576
-0.21900925153380554,-0.5924789842746043
-1.375762786574535,0.9657680479233653
-2.070956521350886,-1.0037873100580998
-1.4712949586482602,0.9451042251476507
0.21865957551060325,-1.0045268218296741
-4.251438330210046,1.9395583340536315
-1.163831001670229,-0.792503220400192
3.4455446589746828,0.21786508095691476
4.84391880179982,-0.8163148406577996
-0.08700096113591406,-0.7305964899385053
-1.7142107199905734,0.4724532791720371
0.6145726688113938,-1.0046719991893602
0.7733329483530712,-0.7694436144906214
-2.4422265252269106,0.24146165249825566
1.6462105543447092,2.3406660903326633
0.36512883862212175,-1.7373434258932603
-3.3973950649849334,0.8575142299107182
-0.5780837974160195,-0.3241252356479989
1.5533576537170082,-0.015451928849239068
5.311241283909265,-0.7252583550236585
-2.1968264424902357,0.8510169819541529
0.18235491452573283,-0.5096408730882067
-2.793884467098968,-0.022454579824072004
-3.2285929427742253,0.7404260376864964
-2.5294468967037664,0.3710662413230611
-0.8645286832352922,0.395928709706586
-1.4692869187854356,-0.43726539589350977
-0.7837226365179752,-0.007923059712762292
-2.2497605316148754,0.9002629596184294
0.7049684752225805,-1.0471178044052176
0.8239067458681928,-1.113456790544127
0.3212294344953885,-0.6465899087423818
-2.879258556756386,0.2327245447945954
2.646932789746463,-0.6545996332797521
-0.7047070328366865,-0.47722288353167747
-0.13443531365201328,0.815510123229998
-1.2902297514755192,0.5540636265795104
-1.3059111777798926,1.0521348643148862
2.952893857202416,-0.2814541864746332
2.597713507865835,-1.0063010973830284
-1.2723087631683347,0.7570197641259553
-0.3215111681252361,2.418615824310052
1.7680049821688162,-1.244804999575506
-1.9882031347847966,0.5987137073374746
1.0651453627041196,-0.7072574617199507
0.5707794557321817,-0.49077250998930116
-0.8857463162875562,-0.6267141827434126
1.8006120770395206,2.1519656444301813
-2.3714557806913965,0.276675528679834
-1.4148568207273502,0.14040256306432988
1.5440452194547984,-0.7986830819309886
1.3184126719888745,0.603845239479159
-0.9413356482841968,1.6854772624257175
3.7366018296591843,-0.7957706727567327
-0.7581127244190194,0.39260593524250564
-1.7837572317224857,-0.5212901838637997
2.0228356120364905,-0.12736241362123296
-2.1016905799023053,0.6258035574900297
0.7225898344317653,-1.2169362100912973
1.1724670538938238,1.3183976521815948
-2.748846411404646,-2.069881223279688
-2.4660386624214197,0.7052043774121203
-1.565762678240956,-1.7425878731912188
0.08762806320172849,0.19656996886809153
-4.013416708045999,-1.217083770096092
-0.11492680633068139,-1.355909712713742
-2.3976736890926733,-0.4012003396048237
-2.4011561557705927,0.07526710787841687
-3.479686442667338,-0.18400703561465864
-1.8553627518619848,0.569062920975604
7.560062006133723,0.4268143371682717
-0.7548958445077744,1.711661209663093
-1.2953736573420964,0.4589755847361637
0.5400916286344819,-1.4822009152075417
0.36765908334621344,-0.683277321034296
0.3663338615539757,0.9282120336565978
2.066671976282186,2.525055972377235
0.30039925751937724,-0.5601168702293948
-2.1278804498561334,0.04903628064717936
-3.019169159967357,0.13673272257852212
-2.2730663616998594,0.266304359950608
2.402455394603926,3.3462500250529486
-0.1406153185055429,-0.5612059679750377
0.634354470718596,-1.3151954665951184
0.901702764379435,0.5629314496973822
0.7600647333715309,-0.2652078052984704
-2.7080823078004923,-0.28381318475395834
1.0913561735460218,3.5604791460069563
-1.2222996941838782,-0.011185864772276908
-1.6715746902124453,0.17468663156966235
1.1820847973338047,-1.3638469767908197
-1.5399816703346731,-0.5416430425166446
-2.2749910795955293,-0.0691943965696282
-1.2395848689149718,0.763237129473209
-1.796062348393231,-0.06401036332010905
0.5750950052833056,-0.8058299560683599
0.38093706690814727,0.3117630557235184
-1.1688763437494374,0.6195062209152639
3.271968266222435,-0.313930997071363
-0.052956679350185915,-0.5314334159304451
1.3158954236750453,-0.49646506218441155
0.6211170441669592,0.3546670608364242
-1.107908298347567,-1.8962686203208843
5.397537283322308,0.19157381931683906
1.5327166901923037,-1.3029673246633742
-1.0539962079305436,0.25106165519778006
1.2871546517998922,0.013927393669476531
6.28085594390953,-0.17575386290497483
3.575172983062996,-0.7997556358333271
-1.2109951839430362,-0.1734732968928938
4.529735017626549,-0.15475672318823436
4.734822196822798,-1.2872933646708864
-1.4951697147794516,0.03701293451742922
-0.47031441749210573,-1.4762435581109548
-1.6856986867766108,0.2508162246349837
-1.3006488253124406,0.8842286841684355
-0.5828612430709955,0.28990798790333056
0.2078415583235141,0.7435178536968134
-0.12626897768526305,1.8340668046510424
-3.5588053748207638,-1.3881036787530296
-2.381349057184414,-0.6486402285413274
-1.3292168250761627,0.7583299325618512
-0.2589917655217967,0.2559490712616944
-0.8568591936265124,0.561337489196606
-3.1588767339452186,-0.14192945840857585
-3.9927819206123125,0.9231860285862256
6.747521720402301,1.376228753570938
-0.6407786800134367,0.5471292775088169
-1.7990225478692028,-0.12992164516055654
-1.9345174961860911,0.22020377172973657
-2.0297997605613887,-1.954758536044008
0.5964870475661143,-0.8716381989772514
-0.7611556324764222,0.418321154410616
2.0869952256269793,1.4565804267784963
-1.551000407943249,-1.5700210724016057
-0.6216700182493581,-0.014525634880943768
0.9198429843978186,-0.6937255977936115
0.6158516875726769,-0.6786866463005267
-1.5125847260240068,0.012263166202564109
-1.3124267105344132,0.5571911692082392
-0.726902484889294,1.1313487498650234
0.6186274328426468,-1.400157688323912
-1.457765493229259,0.0432275438451228
-0.6421703032015417,-0.21005329493228475
-2.904060845901124,0.5406983441212594
5.640156802729626,-0.6628647175025294
0.645521429666044,-0.09559477084298998
3.614561891167847,-1.252997978077888
0.00845668525242081,-0.6388635350713965
0.1543980029654686,0.616699780420422
-3.9977413489976765,1.2406663941300224
-0.39140148703064526,1.009913511019804
-0.9645410347564884,-0.23805158373587698
9.634468610401502,3.2215808489435296
3.736211345579272,-0.4348598502993163
0.2978539513012149,-0.8813908073680963
-1.832966766021548,0.6151658803846305
4.725577321688365,-1.1540329801435856
-4.0719222955488625,0.7326284060842596
2.8692391175089678,2.922595063477676
1.2542697620832488,0.18839543118023044
-1.8624262132217926,0.11892282459935247
-2.8652550468869644,-0.31953758212119254
-5.888670869268477,0.23005107609518377
-0.24313294026189922,-1.1670688305324153
-2.527455861721668,1.2519103805962397
0.01571439998373364,-1.0829670389455766
-1.7261329351914743,0.27410949714677174
-0.7654279694880518,0.2641544815252742
2.976346795050498,-1.011348765857057
4.604248506756773,-0.7301242348408878
1.6014701267658518,-0.9484984736148531
1.8151701291556999,0.04577436279212903
-1.4259157844824641,-2.1903070354381717
-0.5138411430319783,-0.8923061903874258
2.029122577587303,-0.2745244567344103
-0.6689420596117909,0.6451808539051761
-1.7786627172018386,-0.6929305046075813
-1.6788599733262837,-0.4893252633103502
1.0698308049491025,-0.8013295117815646
-1.027090291466022,-0.7793935745175009
-2.1856900524196106,-0.2322543816801595
3.4519735893163084,-0.4986619525422129
-2.408906541524286,0.3981035363810488
2.248151903573676,-0.9242405459814649
-2.168938339942228,0.6346062178286975
-1.295967943857216,0.8130514812157301
-2.171030355214613,0.8950000708327084
-0.5022437550614318,-0.41145338122368474
1.111307902501113,-0.7480132622138553
-0.11077149463891556,0.6586293966273165
-0.09238579807420308,0.65274995398823
-2.391782283368788,1.022602823926924
-0.41023082500310176,1.64708812647034
1.4785392066296343,-0.2572102818388107
-1.8564176717009317,0.7150312696853152
3.0447381707818844,-1.1589195900864797
1.6110876669972294,-0.5083709276581083
2.5658408904164363,0.018962398675532323
-1.1351519123480744,-0.33404563337116316
0.9252799717432756,1.1300609703119844
-1.5994843632817302,-0.4744571307434299
0.743987837454476,-0.6373520259020174
-0.7466447310704089,-0.8307827129225446
-2.2030009985083625,-0.22124296018654996
-1.8016191360050047,0.6362510330376074
-1.5750336918144436,-0.048104257722299225
0.10730882153561624,0.9768601207362622
-0.9562216151394529,-2.201501863037008
-0.34398928285862407,0.7359381709576047
0.3289606210332498,0.5402443593695735
5.223889432029687,-0.1899022568342213
-1.7708192603471062,-0.04571111142287004
2.9875007853091575,0.939019464027637
-2.160687302229544,0.5356764720139254
4.56182286683906,-0.23022122751473545
-2.3064842728057062,0.40427489992438204
-1.3555891201454238,-0.236062719255379
0.05653073628812153,1.4743650047346404
-2.795851485993958,0.26646003792237644
-0.17697421685287984,-1.1934576203743783
5.680476595881234,-0.8467709813151525
-1.1609638527758648,-0.870988680691133
-0.9511324857999962,-1.2428869176686719
-1.6452149240713827,0.38647095520420305
3.5913342255182523,-0.7055038663878458
-2.50884843392091,0.3022571657550864
0.8788156472242704,-1.3875723722067763
1.6727558909098308,0.4333945218792381
-1.556401414434282,-1.7656426136585897
2.1517529426833306,-1.2534386397093238
-1.4652704155189418,-0.16861075847595852
0.8027745342843667,-0.603975526760054
-1.3927172239319063,-2.365306453768021
1.669061798647129,0.06561054721471783
0.7252919124639575,0.34060981633120346
-0.4926333153756792,0.08246063493269494
-0.6181499589682251,0.8428751631415909
2.6460484757067864,1.2375704791088789
-1.768187669386902,0.1865167031708442
3.274827689280125,-1.033093593618064
-0.2743526658595065,-0.4542557453638475
1.8431660372167615,-0.7187100698247326
-1.3271278199645633,-0.12547092705741203
-4.04782285621912,-1.232772625913175
-0.657912208345421,0.052362078722743864
-0.6325475690504299,-0.7866342979944302
-1.722526871875106,-0.38202861982920916
4.414096556342357,-0.6995417106224467
3.339791265512567,-0.449971241656563
-3.9472231433689586,1.0577294816032117
2.055646081667959,0.9687116748458738
-1.0121954476328925,-0.29541190372140846
-0.07480927676358906,-1.638575098137759
0.05382440056496282,-0.07035765220469845
-0.1283354336257251,0.27534438946447776
-0.9074041048031808,0.8827678293020843
0.10982375422733522,0.7281104217184753
-0.11314907846510901,0.34233699650886873
0.4680121900680641,0.2622726537790811
-2.379883253286676,1.3944879972664197
1.540370063785114,-1.7819520845261894
0.6575125652837484,0.31694042963024105
-1.4535454917107515,0.7488043643307152
-0.6385468912144288,-0.5329489490677517
0.37860740607244514,1.8404334851127635
-4.623225121704118,0.7101423855172156
-2.268696191550012,-0.13201542887151282
-3.2897779469540493,1.088272095167147
1.8782723905590004,-1.40370419339259
2.629514857461067,-1.1491611741566619
0.9673814795402278,-0.9106214210710621
3.697268679973194,0.779872421132605
-0.6560478643036209,0.092412421545956
3.6017365802279953,-0.657909004987072
-0.7940624904769997,-0.1652616180107817
-2.562232725299274,-0.0548945893018551
-0.27569504470732065,0.39523407237160907
-0.08305410287821637,-0.3182587911447227
-4.0121373431876455,-1.1874513552447805
0.1629625003074245,-1.220472144535495
-2.383123797213188,0.6185387470841148
0.14184307448961395,-0.7716848718677708
-2.1417274515225704,0.8155867913459415
5.301861505515992,-0.3217981427962374
-2.3806187175076614,-2.1570268741351333
-1.2965620562094236,0.4517053160658166
-1.4249889515608527,0.050719679740878924
-1.2266301105235133,1.0548614283811528
0.1148444725783613,0.8415029438799274
0.7311056431335119,-0.3529277112125322
4.7617280628777205,0.8065499940376303
0.8739773077624983,1.4087501862840117
-0.6747473802367366,0.8543999521495639
4.968009270549885,-0.39505331581056674
2.176623616127452,0.2868571866456319
0.7906639278463317,0.9327602765652547
1.4057741474539687,-0.3560177723213663
-0.11497576837170399,0.9068324201079061
-2.078599155705653,1.6180028164844507
-0.5854299390682476,-1.0324034882933912
-2.3127117596619016,0.08443426162065303
-0.12151602769720493,0.027149539130632373
1.8115883905540526,1.8421424956205517
-0.702432859269615,0.37711988142590563
-1.431516694166016,-1.6077649805801273
-1.2991986108719258,1.3813676729349282
-2.8421101749373032,0.37997732252661787
4.993775025929108,-0.582959367972072
-1.1387359143088114,0.14192235622103244
-1.5831197193807052,-0.720624958090614
-1.9462458615676024,0.17826165051951992
-0.028796321660941628,-0.6047557901575937
3.344443644171045,-0.519829966816734
0.9222842655280867,-0.34888540543583374
0.9162268379881162,-0.5296015911391544
0.6880593108248991,-0.6748965393839669
-1.125113755685902,-1.5126483404678226
2.2304064344703796,-1.314119355050912
0.7345612634193999,-0.8591820126014059
-0.9703604766417662,-1.2380065392245274
10.937605836539523,-0.026476363049098065
2.5066525972835003,-0.2959228052468273
-2.0177324115435695,0.6561501158561197
-1.2264332747530124,0.14623573053344688
-0.17172784298700178,-0.46853421877582074
-3.4991701128929575,0.06766423822086812
-1.6726673326914197,0.1921779590666776
-1.7973526420160153,-0.010155988198315527
0.7399634958727136,-1.0440902402405658
4.261834142058218,-0.5588231642693147
0.13882768013494368,-0.09287186362543139
3.639369094360247,-0.9361566365302968
-1.436754606444843,1.154580050054877
1.4941193081541257,-0.6526615356097836
-4.409819350229842,0.4918559292890752
4.555936831024315,5.930647788285203
1.3601574927967175,-1.7370941221335197
-0.5075394386199388,-1.1657635649748195
-1.740965444889269,-0.05996879829920903
-4.495044322196304,0.45699870903830275
-2.596274031395222,1.3202136045605668
0.15920583508833006,-1.5083578285725088
-1.3298988526139355,-0.11836597565768547
-0.6402522333308432,-0.38382722338516945
0.1744920649870883,0.15014327217100792
0.3259432301204027,1.3163199314142056
-0.6124050562238019,0.49546325357393584
4.050432905737809,-0.6693866857576033
-1.6219475281130218,0.21681315861946618
2.2793628454315558,-0.3430520777776793
-0.9286579438134163,-1.2623151861493274
-1.9162148269866466,0.11044031471816672
-1.387339615847924,0.3438309377495534
3.947738300832512,-0.7287016014548041
-1.7455954255606032,-0.2783677207042579
1.2681323760544894,0.44638468373912027
0.7534012312408054,-1.13351511659262
1.2166336690270627,1.2422814399913584
-2.370354033410087,0.3757412863017276
1.593898598413967,-1.3123682840366047
0.5835959224401895,-1.1505615487183225
1.4038447246090697,-0.5040435898804054
-1.4343143548442234,0.7133914085341738
-1.8055879148996834,0.17973511618397026
-1.0802016271073456,0.5894653263025597
-3.140391530884905,0.45147294255902004
1.2965156405903426,-1.2050717342558883
-1.2093778393966697,0.17105046577455232
0.21154633560387656,-1.03373346995374
-2.5882030507797884,0.7001306150352014
-1.607928326816413,-0.2075482376436559
0.812432683368749,-0.7515957757327089
-0.6860624083601834,0.6335550244985954
0.4240622271852109,-1.3834526608874729
2.813364172161537,-0.8202414974505848
0.9401872860556851,-0.7455636790863273
1.3489885442426504,1.3924733335605297
2.3678312743586813,-0.5967793651386252
-2.8902100594930715,0.3473527831881776
-3.5790314297141284,1.0556599915001899
-0.8186067628500452,-1.1628854876834145
1.1111033949371678,0.03118142318621397
2.3679720249846077,-1.129666736419663
-0.975387885626379,-0.33251443098787153
0.07988420263117198,-2.686803895021445
0.7078337644047143,-1.1652323128389144
-0.6600378932595922,-0.6504194614373056
-0.45445409142064497,-2.620877010518159
3.3015178528659477,-1.0738233172245542
-1.7083308775001609,0.020384086263216226
-1.4117972931782297,0.8534980178388075
0.21194323048885208,-1.2018468148359105
3.881592384137967,-1.3290020172798178
1.2620661632652408,-1.3572029871792513
2.752298698334162,-0.8778006606347138
0.4104890309786902,-0.30997237053098875
-0.6235527325001118,0.8229603068692036
2.0502219541025593,-0.027987372852971284
6.467415277648995,0.8335115437253134
-1.353189858128798,-0.4488787780391006
-1.7814475874854374,0.7633606557042798
-0.3172247258843976,0.2351225518825646
-1.9551312449808071,0.39152034363463584
5.197905970855354,0.1332847088852032
-0.20185013519913078,-1.6936350111231049
2.6716995493613886,-0.32378333143857757
-1.1248631708020582,0.7768586287359215
0.25075803304927335,-0.08132071255914394
-0.6459753411244095,-0.08951443664236225
0.16386661442353542,-0.7033210595407753
-0.6190050343050293,-0.7790065626036736
1.136026503834354,-0.13058617088731989
-0.4178783721614821,-0.15623229434883926
-2.7825287428325356,0.07232698184443248
-0.04327403613054938,0.319881575367326
-1.7277905935227438,0.9366491467463189
1.0224040906910423,-0.676761859460766
-2.5763785120854297,0.0035805686634872483
0.02325848571597117,0.10159190087398905
-0.400677964598918,-1.613595823630695
-0.6109510492820933,-0.09745782780301071
1.2888289261968788,-0.050060259530544146
1.7934715225263047,-0.6900858666232306
0.144996095050016,-0.47454756262266096
-0.548421287266944,-0.5208104187445621
-0.4041772289428475,-0.2958560909417469
-2.583659400480088,-0.06977314511058584
7.188846513215107,-0.5484110743543781
-1.2002184216352698,0.24063180722191763
-0.27711934898512863,-0.4861643765802956
-2.057078977991994,0.5633608538964257
-0.4938877949621396,-1.2416861383886397
6.839191287652524,-0.5632647776728733
-1.5617933761347405,0.673456223262693
1.8726188653319575,-0.25366391662573556
-1.390447543520574,0.311970962453666
0.5481871182068677,3.195473735687978
0.7442669376757918,-0.2737866120403247
-1.3174218893711738,1.9770956461295752
0.07414892243685275,0.15680247085867713
-0.9207886033883877,-1.2636429608377435
-2.106589377017732,0.2733712086917309
0.23727193225429427,0.550626132821866
-2.749478024169363,0.27528686206014286
2.224566473684208,-0.9339746568590355
-1.635756594382021,0.5873036355362569
2.9593646258299944,-0.6361772992094975
-0.6128706714474117,0.020372872026052178
0.8372942429244918,-1.4848830858879023
0.06940177089301922,-1.0787443837193176
-2.008870451262239,0.10527931568447349
0.22490687648684576,-0.7329599768143231
-1.586155648092733,0.35892986429451856
2.167302933700262,-0.517092926046014
7.172834635298136,-0.6674890100069001
-3.2866212226986584,0.31540249081136484
0.9207409155803712,-0.5613563839328393
0.2811799619064554,1.521582207831921
-1.5332040869132848,-2.5811192461793095
0.6887528592164582,0.48931251315814545
-1.4584914976590968,-2.430763435878189
0.8169864046936127,-1.6526822604595255
0.9532271650026273,1.015435657747965
-0.7468758030324393,0.300334751739016
-1.7060178903641974,0.5478718609376685
0.7313890915815539,1.1962379346832892
-2.7625352442310622,-2.0485626958211447
-0.872097120332004,-0.001983144855616994
-2.0738358330159343,0.6176035960438396
-1.5500114940414644,0.7012676597010092
-1.4178927261158698,0.8580346118867259
-0.029729239124957244,0.12302882447121308
-0.028085372712780773,1.5639002207972723
-0.8143481274586436,1.6036528544573754
0.7424997929825381,1.0053252718777959
0.360400462204671,-0.6627207031934457
-2.016671125392988,-0.3389314719146976
0.5605677534644385,3.503716668376567
0.28613769556692287,-0.28617149831393085
-1.3317250405807117,-1.9130866772680204
1.0364331541491554,-1.05437823166921
-1.1088004018174442,-0.1436676557921678
0.37196339032959336,0.2999576781554306
1.1022116027488267,2.343044523575041
-1.6351751228569575,0.25719603814295783
-0.6697586265517878,-0.22813312279435707
-1.0472980331776278,-0.777902325532305
0.49094274648437236,-0.00710555612868866
1.7586525337499452,0.27737896698154524
-1.338611142396351,0.21300975540549452
-1.0675844072075389,0.4509877888003176
-0.4471787843136848,-0.01036186816615981
-0.6960430087317977,0.2480713715993232
1.199241072571815,-0.6652040625968508
-0.39445757568238365,-0.30146568554600955
3.0099522008072874,-1.0119150837216562
-1.1588782074111839,0.7085969562770851
-0.31777008125661554,0.9672772812529012
1.3502174202118302,-0.592048148196504
-2.0961712948393045,-0.11680882770396493
-0.05625896799541637,-0.8222622710918809
-2.4174297732614627,0.1742466923080951
-1.7092554835498481,0.5521918884860608
-2.992664911071061,-0.012906862259585714
2.2803679712103455,-0.742987851683291
-0.688836974700614,1.793152780020415
3.586981163145589,-1.1699644134810332
-0.5279352167745627,0.8444674169759188
-1.6199054352854065,-0.33711904134168963
-0.7777415311830026,-0.7027348317259816
0.36084703286540304,-0.7184347310351766
-0.6484797134712136,-0.48826256375152927
-1.703759040990132,1.1011218884087015
-1.9923560413917678,-0.09706112184628303
2.631284778534521,-1.38578185299723
0.7009107220352758,0.8041572496560415
-1.652456036397027,0.6004444224208586
3.755320628417204,1.4822064284426164
0.9848559622368195,1.9723379491093525
-2.0632821167135025,-0.1982240873505216
-0.3003916564491394,-0.15070199893609373
-1.1203710869085166,0.13120145749158457
-0.4377125351597933,1.0330628803481077
-1.4290795643501852,-0.038785595762891006
-0.10095257650744154,-0.4010425577459554
-2.5037773117850914,0.4792057202126543
-1.031067911375061,-0.23595585787671175
7.8504989093786355,-0.5859976667005321
-1.3933480718880715,0.3020351746820278
-1.6692920236648947,-0.09360298652359753
-0.40314141739908527,0.21573442444727567
-0.4361485142344415,-1.1296508764767472
2.0177855979972663,-0.5173023222577487
-1.8120782493292071,-0.11586114815319842
-1.301470237198906,0.6887089175630803
3.4557619847197505,0.2119995661478203
0.04223884918701555,0.9803417987865781
-1.4098901392530752,-0.26916232374343757
0.12230456099452788,1.0490167420210268
0.4533303091056411,0.6184790155663202
-0.8480991350616742,0.398416412325879
-2.314747585331848,0.26786473843389114
-0.00995884296158069,0.4952693839349733
-1.279728830362417,-2.364898021513844
-3.3400689885688695,-1.3874305885610185
-4.443466320456853,0.278412332255511
-1.337416288349825,1.316369033263627
1.7060028809579115,0.1447023172739857
0.34561838765225644,0.8088006584748185
0.05915815237224613,-0.60896413117247
-1.3180551841170274,1.927253357329703
0.11432409561830144,-0.3512262931238946
0.8672275556949681,-0.37703035398130846
1.6854603928854908,0.416476065656299
-0.4737113673214019,0.3854784140566914
2.9261331296563,-0.5349369058965188
0.5844191495198863,-0.4147009416357245
2.318959202104915,-0.17093988376954583
1.4638996153892294,-0.7626244591517799
1.5789867951079388,-0.7127526383900302
-1.6222024815758846,0.13727969333077933
4.367819160814334,-0.5885068994839964
1.4411901850220317,-0.8173313858176358
3.9233567313048385,6.571312334921525
-2.8909517187262614,0.045020798967549215
0.40791322040978495,-0.749933579703181
1.4297646800759523,-0.6983469317740881
2.1001634860798486,-0.6550443121643852
0.7499259722612727,1.4024469124079495
0.9695777038457328,0.4243735583139863
0.9296288283972335,-0.9053710696099332
-1.3655876895171115,0.29773338854640197
1.0113244272790693,2.321453965834802
0.2574345208618943,0.0392994863764426
-0.9188331652503869,2.2962317217492205
-0.26920975860803115,0.04125645017720704
3.1305331301967128,-0.3258332090803774
0.4887311433094517,-0.7395443871898423
0.5041806720675788,0.19562797453455774
-1.5119437476213007,-0.20409888902905574
-1.9527414739385158,-0.06076905183297631
-2.038555178502439,-0.4697406924277463
-0.00790777199859455,0.16865970084149307
-1.7890362145322238,-0.8791296329821471
0.18139733525024027,0.17061066489898075
-2.1731545571222943,-1.9898769211519083
-1.0508626086601713,0.1273931206791477
0.6732959688862766,-0.7098062976645841
-1.1715410537341973,-2.3156027816507434
-2.7610032028691203,-0.08666581891952485
2.656268185652265,0.1200625656913532
-1.435064407008378,-1.6032494288006849
3.533783242587738,0.5349581616835712
0.5032663763384223,-0.6124586201710767
-0.6708019242438864,-0.7942945478160267
-1.1397444122491596,1.9209618637947548
-1.2920280758872074,0.30313604785065934
-4.511068445024238,0.9194141274998769
-1.3502438864698636,0.23976874226110675
-2.8758148622921014,0.6119320044062462
-0.5353898883384267,-2.1597629198939754
-1.7773861242162257,-0.555445929190151
1.1869143605208898,0.16934256141443418
-0.4706848774196119,0.7305780351729492
-0.7036926221549872,-1.4431610875024388
-3.824982756480407,0.5592914134574567
0.23339900828445556,-1.7707718924593308
-2.156533862862179,0.4916613485436371
-0.8803804077885258,0.5206092412524691
-0.0934799837877024,-0.37855268783176393
4.367789569919852,-0.950004746885845
-0.10132276605770708,-1.5074146708570966
2.0425641503239063,-0.8474334526194767
-1.1165917154584606,0.20934182011079852
-1.431302439688098,0.8125032750732245
-2.1128442655878152,0.5601765865017108
4.744905260971533,-0.8428016500279425
0.6249465662657742,-0.20169543721520525
0.056519832390143236,-1.2847298655802326
3.8506800750385186,-0.9423289768679275
-0.12619316447137022,2.501445451991195
0.21209806104404033,0.009753211362455843
-0.46463407158747255,-0.936185431164597
4.287408130111915,-0.6715141479465085
-2.578405226714834,0.0024795453853966097
-1.3416442343964257,0.42334992822574835
1.4150804960978183,-0.2003001182244199
-2.7915583995425717,1.3910849721742162
0.6371436499669582,-1.1410002349082395
-2.962337208928471,0.6598594418312889
-3.23292970738808,0.33748106755992263
2.4703567999368365,-0.5825830257836883
0.8044277962907563,0.6875082357322684
0.5403273257804795,-1.3199521827109837
-1.1152748043893312,-0.3277145596260879
0.8046317248818446,0.7382765356939495
-3.384517563445973,-1.313864078165658
1.8766740316958161,-0.737651253511321
-2.3353426208579022,0.8704403696662816
-1.3490398560226224,1.9910464820416847
-1.9193192707741038,0.9538129211381978
-1.9152946736697105,0.4956363684755155
-2.4005331175845037,0.9367725843296699
-1.1850223429120872,0.22868434388873507
0.4718413513929981,-1.2303913856113882
1.4377285389239782,-0.23035355437193042
0.7799317354144868,-0.7232020946542742
-0.7695160223680465,-0.8203940945964624
0.8779736325013111,-1.483824702588915
-0.8431501908469152,-0.473099733240084
0.7003854321660735,-1.1328936829288354
-2.498772127345114,0.6117455809981875
0.5570656832975543,-1.3192420701591743
4.243718696109651,1.1856556182848923
-1.6616300290007815,-0.1161643842117708
-0.04435497730439187,0.26931394251611873
3.248835917474052,-1.0905534332123983
-1.8909929121824371,0.9516480920003912
-2.021880437161637,-1.9538879531741915
-2.072626728988058,1.1730311943639666
1.7696616917994876,2.1957217192259995
2.830706611593932,-0.35956890040935835
2.6973465011065234,-0.8477047737142825
-2.350098447578641,0.1262241278356929
-3.2070087168872137,0.40159366784865946
3.6034279231816,-0.5941806439909055
2.7621935601916405,-1.5404308022139095
-3.402903295792916,-0.973912268504404
-3.5902983756756615,-1.382850488064176
0.4892736601992069,1.530894812380621
-0.3858624822629978,-0.40221163862028725
0.38278319766021823,-1.5905877479806303
2.2781281942407383,0.3328613939094674
4.263353928822954,1.0173607192113614
-1.5111758148169552,1.357841226356394
6.179797046448265,-0.17058324089599067
-0.8198916760333252,-0.6944881662992018
-0.6366068272512003,2.0326902482542457
-3.2332900846813155,0.42771762754608034
0.5203951048731454,-0.5465028239701145
1.0220348274036648,0.18103583244571073
0.5370084119761268,0.5381663443837212
-0.28871681451059156,0.6483313937679844
1.9481092392576638,-0.6196139113419372
0.912698392853573,0.9035247790847941
0.7822050216031387,-1.4545211051359068
0.8953668099075842,0.5190465658819132
3.2456018645834446,-0.9264438708424165
0.390181270770383,0.2896554592469218
0.8497250775479975,-1.655133008760656
-0.7299482711184814,2.0908643177624
-0.7323210061457694,2.2720420759716315
-1.5479973981656434,0.1740942843690997
-0.49045105314438253,0.19295763343564012
2.1338228092628775,0.033749204586361166
-0.8143680064236984,-0.8226654360501428
-0.2510247385901201,-0.1920823883657856
0.1442109451292535,-0.5925169197836249
-1.6497492362936983,0.05049470306999941
-1.3328370928485758,0.46720095995010696
-0.8444084892102717,0.18011065874052884
-2.044015743367587,0.1767570777536359
-0.8655582608342367,-0.5084285543373854
1.0723205538435971,-0.8675388274924388
-0.5114991150494849,0.6158025903446162
-1.0592578410240878,0.5356690608403423
-1.1774912845815684,0.6894795375069653
-1.1893038797928595,-1.9401941417014057
-1.4324087972398214,-0.302745820972581
0.13060513348219796,0.2903474735960484
-1.4491812608583177,0.3627665540169325
1.1859176721404436,-0.5405964891502018
0.3907343041800709,0.00832664285516752
-0.7557929150839333,-0.49126289677459434
-0.6067529759477688,-0.49696400811971414
-2.895043405500779,-0.37789230916309324
2.2995527971179173,-0.8951273230061
-0.6409466032870158,-2.045123018094978
0.4648607031496671,-1.9551349914721852
-3.1434641991119574,0.45228201114547983
-1.1364561793937291,-2.651179746669552
-0.3448827723203287,0.7429164145509135
-0.12290155468958781,-0.0941862473474513
-1.8159733363647956,0.24626947202157018
0.33755431699763117,-0.18905567996385547
-2.6258717004052805,0.5960916915295099
-0.03965190903111768,-1.0638957417078159
-2.7415655047643375,0.23785521157726922
1.1139827853093154,0.31314407434556646
-4.796497577014971,0.8267499201681643
-1.8169718977314435,0.011104793366401088
-1.4209543213698899,0.33693099413426225
-0.7278385767316996,0.23331787462358897
-2.037845117630101,-1.763509773039042
3.8682477348798057,-0.08310622265915298
1.1769977000116802,0.48539589032318575
1.9110040297093107,1.9332503142548152
-0.18270034372863156,-0.6139320289062589
3.689979733795613,0.29485399543915836
-0.5494698414167551,-0.685124928507349
1.340891640716541,-0.6415405019997465
-2.0818559425568806,0.14416281523979957
-1.7823349256989847,0.42106594618068105
-1.9576285809977436,0.4700276512787422
4.04725172061011,-0.48792792662471635
-0.2801192575703265,-1.4335465888243926
-1.7044879032741849,-0.18925282556949424
-1.3377058119050838,0.9967970741093856
-1.5652301923822034,0.3388443632933397
-1.8508490210733641,0.537400378688644
2.2465894125598873,-0.39485635291100096
-2.381978451281406,0.5127483346699565
-3.1987509503122085,0.031898229983742594
-0.6323872287568649,-1.0151892477967053
-1.4920262799369848,0.32003395382819716
1.2185085223420162,-1.2914998232828596
2.9717732978396425,2.1036473741382014
0.21940628727071057,-0.922513065609217
-0.840684399815171,-0.7602855086104102
-0.734649665364796,1.1979107216320752
-2.126066821526825,0.024204876652573655
-1.0932452461819557,2.3616171732623963
1.3111194797116554,-0.44771165447286926
-0.4812634292621472,-0.7988588729817588
-2.1912330092911065,0.40630608667303775
-1.1924486055850188,0.6604896087748268
-3.600807812163463,1.2610363946130894
1.142685034912308,0.20582488620107828
-1.1183724703455022,1.5366817215820432
-1.0486618061330752,-0.1985813663663556
-0.3128838085459051,0.11678502507782956
4.8442799429424,-1.1310988574298728
-2.3616543114423343,0.6104162220709732
-3.021101499310481,0.6140887937124944
-1.704933856303711,0.5297267427273896
0.1356646976256771,-0.016980242996975283
-1.046662304723416,0.4687665629143816
-2.2172102675224443,-0.06107649360957878
-1.6740286467448982,0.047039611624570356
-1.7771865669179054,-0.07506966630697018
0.9253530568019129,2.4335906499615176
1.0103546047475926,1.4006316965693268
-1.9630180704086895,0.1477496290072695
0.42340519294448314,-0.28331246067565724
0.604589430015614,0.8557936589077145
-0.2512794597606956,0.7049484416284589
0.9001988581739504,-1.9211148883495437
2.8823922134185462,-0.3804688529227543
0.30528417979344125,-0.2782714087033596
-1.4347075436143066,-1.601290399040438
1.4916168036331698,0.6099325450453305
-1.1860620560460629,0.8101605038394308
-1.234388124863274,0.6854190662141563
0.3925193218944181,0.6729092703491046
2.090298466334736,-0.6631914735812118
2.660082652835947,-0.7988909849207516
-0.25155123501872423,-0.6626711739621496
0.967181538126391,2.01172230593528
9.463478928283244,0.3719283270727569
-0.5721176672266354,0.09152216208759398
-0.3098405971418689,0.48118372667035497
-0.8986989366688465,-2.327889351652185
1.413302365891896,3.6548060833537765
0.26178089839541974,1.4707181007703831
4.1109579899358355,0.2808829371744312
-2.121889311858606,-0.8866531770635877
-2.138377052769116,0.34232162451374815
-2.3676503490425733,0.5034192552082367
-2.907008217061653,0.6279749986375276
1.862349958482067,-0.2228886715277336
2.89193221678473,-1.2741660182723646
9.714038591830562,1.9359452735171248
-1.1315026888653796,0.7900014716093394
1.689515932185484,1.3337697501836456
-2.094372236511306,0.7050814137041
-1.8151377553604704,2.728175036000854
2.609086322630049,0.035059378681815086
0.1534807273039405,-1.059507624780761
0.18687537838239585,-0.9269055136389774
1.7377387072454193,1.647341205147728
0.002030820672699479,-2.9284250796358045
-2.213067873535849,0.7132210053292477
0.3824973051251356,-1.0236467593357848
-1.1909435844995084,-0.15806268651491592
-0.96666560242694,-1.2674029282039827
0.6342909819122019,-0.9827100799648064
-1.454300888716866,0.5551862767608207
0.4474701940675924,-0.6948303229735151
-0.7179518417472869,0.9219707187106407
-2.2192478063296055,0.325795193602518
0.36568757096909305,-0.546527763784281
-2.3582739970767834,0.37506900020377704
1.7349480617619653,-0.20582834266832412
-0.8056270215979727,0.27907565673720003
3.993643727887691,0.8839206655390831
-1.702284877247196,0.48741092964609756
1.5959771264454625,-0.0988305752273685
-0.8614795353599153,0.3395957323157252
3.0610134101895343,-0.6221379335305781
0.1547123564765344,-0.15487094654992556
0.9769683209615189,1.1127141663957267
-3.2352147507629208,0.16580187258931267
-2.013785461317069,0.3491191793641899
-1.6410681188156395,0.34776946745971343
-1.4558646782694005,0.5866468671063265
-0.8805073704197256,-0.15928346094320997
1.3621028538524622,-1.0309573391136744
-4.14341968110006,-0.004515155968467413
-2.6479108665815563,-1.6966696569319368
-1.9589687562020364,0.07010481899567512
-1.3730919160442032,0.027232386438772183
-0.06505751661369255,0.5535274028494603
1.7075915422666708,2.0815890914739392
-0.35401529664810927,-0.7899617735968569
-1.4173141945020096,0.11050728910275939
0.8358770227218496,-0.22061631405834278
-0.824133987456368,-0.2736897371988331
4.981176021047486,-2.091296498199622
-0.6320323544216082,0.6914094332336762
1.1336744491528208,1.0875028477917108
-0.6783325364040195,0.17638119730933227
-2.2172829197977997,0.44391337741764175
-0.46086021709015396,0.4141402669723078
-2.0873532893681075,1.2115740729378806
-1.6388200446191563,1.978259746044285
-0.5169570083371108,-2.1422871356722264
-0.06468397577030889,-1.2354464625696546
-0.285361926478213,-0.4424481961352935
1.6767856975292164,-0.8926997372753023
0.7390944345487623,-1.334198069269768
2.752141011025442,-0.2662536807616909
0.2016090017555446,0.013244199579090848
5.7220666582931905,0.06350023799594011
-0.4307250870178156,0.08793088464556538
-0.03822294606833648,0.051481162382192074
-0.05127378086718729,-1.2782988231898615
0.4953872478207703,-0.6421810364373925
-1.0837733040670035,0.8674700706952144
-2.059120265200549,0.1908223725433143
2.842384261297509,1.3803541762517242
0.875837968779781,-0.9678347628640213
-1.9555808141324835,-0.022639717154494688
1.7292908540140017,0.4918180736184519
-0.3969785509158233,-1.3229970323813018
-1.337192998195085,-0.04666263774397472
4.419576531226011,0.03623902241661819
-3.1320853802084576,0.4545947532059562
0.060604443640196584,-1.182378115274931
-0.8328083464157947,-0.11831219112803779
0.00014328005716807745,0.2796913037250815
-1.3756011641641068,0.6970593642194036
-1.0310075477284493,0.9610984362893557
-0.7451706195928633,0.8234191128746875
-0.016816663930869277,-1.2807550163477173
-0.5113663621821114,-2.2697476110713097
-1.1607165316243389,0.7694839094617048
4.520005631334247,-0.06054898865418434
4.60693657289946,0.12391862880253386
-1.0531304183578245,0.49991849781387726
1.3264834237933418,0.5360694522259246
0.4160189445755954,0.3897189898517193
-1.4991653008827523,0.3321734375929859
0.18003169364513788,1.585025767449252
-2.2784298668056135,0.18059047201789422
0.03768929213713015,0.7305907650321525
-0.9482060825342203,-0.14077689985133998
1.6759830938988207,0.7840778088492959
1.4720467753634172,-0.7529684685923165
-2.7658397819441185,0.6122183340403801
1.6660630282248643,-0.47970716460679125
0.358435587861805,-0.8603256847481189
-1.082487575428336,-0.20418100636607148
-1.0613630281904793,0.7859941418071092
-0.22528706608213678,1.0770993322917402
-1.889721066488547,-0.16434402282694244
0.5261505304128774,-0.10221165224506176
1.5976303950934785,1.7897164086513266
1.6828094457107574,-1.3327726375071385
3.191975061002209,-1.4693161277713955
-0.484939239558582,0.4764018153387822
-2.3169157191194105,-1.7518407034547085
-1.0247763220436816,1.6028319123217964
-0.19182923097296176,-0.2541551589796828
-1.7589626090938821,-0.11765336576672282
-1.1771479469067085,0.08573298582665052
-0.5072439462526187,0.3251630738455613
-1.1460171802775216,-1.8874457438623233
17.165334143197096,10.036743088258241
-0.8863180028317899,0.6326722767029419
1.1638145570347516,-0.9432355258034376
-1.542662787113894,0.22057790840534072
3.2609367167592285,-0.6803915664293639
2.4918907173667932,-0.7195127113906784
-0.47881913801162546,-1.8817800298031921
4.133721745063887,-0.3284676470267444
0.7020438951233887,-1.2252448915168022
-1.1469245192754742,-0.5735990704045544
-0.7999300463223762,1.263157350286324
0.24890731634466487,-0.4139929301593112
2.9724536343396055,1.6491826831376688
0.7459019819510264,-0.8185036365039585
3.4707306818654526,-0.7272307722481745
4.039349951883406,0.05045786998659091
-2.271835807696164,0.37577004851980983
0.5012769726272376,0.47678264490434247
3.1379584561852396,-1.2633241344967077
0.505173590414749,-1.349039911512573
3.1723341881081435,-0.36634844928171395
-2.0587411326493488,0.680820110089241
0.11108200361452637,0.5801116401639285
-3.8790400743872784,0.3643174442587031
0.7537767628999675,0.21754954698612572
-3.982768094289855,0.0963902739800789
3.183535859176391,-0.7439208627148562
-3.960577439160981,0.29152755351456605
-3.950130383238715,0.8941713711859895
-2.0718841562983106,-0.5233305167198631
1.3316865992196345,1.2878111155439669
-0.02699944957452809,-0.8554441680663298
3.0620078098742955,-0.8180782601621872
-1.3101324865435127,-0.33852293760834407
-2.7302106908472847,0.6850732021637848
-2.087026549078142,0.31500801055289424
-1.6461564081955784,-1.641301523738352
0.9440262081501709,-0.10035131619654965
1.3968142415101323,0.5722648444084635
-2.8940938747474836,2.239440697663569
0.6713468214951442,-0.026485702450483244
-1.3565860834725498,1.0882182145906414
-1.8779069509823656,0.10155769712153791
-0.11775905933616837,-0.41636752782781705
2.0524090247544753,-0.8881889216297388
-0.8196291132626105,0.5140040420453538
-0.3375036053540194,-0.6085477407711876
-2.6841039120008805,0.5916972463043929
2.447827070081142,1.3181665438504193
3.3093525107400987,0.15266186881095706
1.2858858937255544,0.044875437900800765
-1.8078123451572665,0.8949517249215208
2.2281784424285838,0.608554715976771
-0.15870965682049976,-0.30532280482515906
-1.6081342716541225,-0.449606782654861
5.5425446408608785,-0.4781539248862629
1.1991347510985837,-0.9066396422559839
0.4747714782637847,0.4786000935872849
-1.9263628683857097,0.12485871025400763
-0.8809341822710928,0.3065453498086448
-0.40167839186492466,-1.336169025096793
4.67793184978576,1.000558806562397
-0.6239571299712285,0.6315527816870249
2.1247188692645183,1.0868063766373788
-1.7085507658165038,1.6497546698759271
-0.9977931675835056,-0.9056993916445918
-1.4935608843571875,-2.4215292664113943
0.34361249657823867,-1.1409472715708653
0.527728014875384,-1.0407887036091947
-1.7936092333106854,-0.893051537887312
-0.9306480309529807,-1.2482807082450706
2.024375777510354,-0.9849972339560978
-2.1964621722354223,1.362885322696398
0.04800328970751614,0.9413147683921274
1.384859994994232,-0.5209991283782355
7.532552135046284,-0.8228862930152779
1.7609650464063806,-0.6642904283594046
2.5129552671137563,-0.34216018582847213
-2.7918959568496233,-0.009390971108101519
-0.9956375086363577,0.49685743414074324
-2.487821217565509,-2.2554182709575725
-1.3139785879258314,-0.6022340145574984
-3.6751881011271856,0.9448077532591624
1.655711362844556,0.9160967723768056
-0.8378961895831386,0.13213897969199823
-0.8958286010905987,2.1121125910645
-2.2795408399360073,0.08114180205379141
-2.959271286753166,0.2404458553200906
2.4236645927189695,0.583417662685382
-0.5804732744719134,1.3573979489374444
3.65130132160427,-1.3690424957042926
-1.647160498623975,-0.11712448121738264
1.7808267358772822,-0.6219310531032439
0.5315567706563181,0.5079513360156256
-1.9293247013609776,0.031976942440130336
-0.7831799318799189,0.8631866490189928
1.3457428294511828,-1.3137033358497459
2.630264677377325,-0.5842992410404736
0.4740369179794367,3.6339918938525773
-2.137889483932002,0.5650581776866762
-1.0127668674359744,0.5900257990458501
-1.4741074621504426,0.4281950450384899
-2.1358622382741608,0.09314549196092206
-0.481925573508158,-0.9342888146480424
0.8054102995460043,-1.0186270932877834
2.2125719733430667,-1.1195068863799649
-2.165738929096508,0.7807345818669755
1.9923309868644032,-1.5615233283954497
-1.9215531033710935,-0.18986743838120043
-2.391015372914563,-0.05310563405170887
-2.4261213710919076,0.7703729327670383
0.8167773114304334,-0.3282471606697097
0.8739212315323277,-0.5033809215381763
-0.9114430267957159,0.7449320649061988
-2.891233766934226,0.17361853896844787
3.481079582686148,-0.2650093340432094
-0.7124292959002277,0.892056749070483
1.2398493346856496,-1.3226471808680673
-1.3518118323541366,1.9378443774872045
4.407003671491007,-1.3057551721025915
-1.2154237266576025,0.4914676799807003
2.1505808406992184,0.7893906807690007
0.3217167324572229,-0.3382146435348547
-1.0911042128629456,-0.7625379789662552
-1.2959054390452514,-1.8991725044408156
0.8652698302681793,0.9402545899130408
-0.7206986868892308,0.5687983153557318
0.13322932170728316,0.3620097615655222
2.1831113349531064,-0.5551792826837076
-1.46087236575617,0.6352621281009897
-2.145512414746673,-0.09966771001947448
0.9008208851846369,0.020885100973454026
-0.6268764853620419,0.024305163409900556
-1.1059128603352786,-0.5124100616348995
-3.053931302454592,1.005468747088256
0.6499536442722665,-0.2668040512214786
-0.49871096748894994,0.7707668542259822
0.6794240277831445,0.44651828167481705
-1.9136537447967439,-0.09536213743121612
4.856852303055846,-0.3024650365005252
0.17790463773226806,0.28931505185484563
0.2164085466969394,-0.26639973373879444
0.4062820040196633,1.299651287388637
-0.9278552328342091,-1.2491986546705545
2.9529684098035944,-1.4678671748847163
-2.0883463750233267,0.8411243050800369
1.14058063494799,-0.8228616851153217
-1.709287049650486,-0.0677744751113135
-0.46801145318624954,1.2799142576287603
2.2786191441337906,-0.8336449058991279
-2.5685617176614035,1.3295254953979172
-3.7148616684667197,-1.4292614149468035
-1.7182162828834397,0.20342140571008885
2.990760188585102,-0.9277751563423938
-1.3884415407432074,-1.6838635251361858
-1.265701754899159,0.9208615138398651
0.1507957001809169,-0.8937373198112907
-0.3001179869429441,-0.7406568850735802
2.0500808612298895,1.1384750265096224
0.4924134307245787,0.4882608439113631
-1.568354374372674,0.6247870838635695
-0.8512203940414024,0.716539113476591
