1stFlrSF,TotalBsmtSF,SalePrice,OverallQual,GrLivArea,GarageArea,YearBuilt,MasVnrArea,LotFrontage,LotArea
856,856,208500,7,1710,548,2003,196.0,65.0,8450
1262,1262,181500,6,1262,460,1976,0.0,80.0,9600
920,920,223500,7,1786,608,2001,162.0,68.0,11250
961,756,140000,7,1717,642,1915,0.0,60.0,9550
1145,1145,250000,8,2198,836,2000,350.0,84.0,14260
796,796,143000,5,1362,480,1993,0.0,85.0,14115
1694,1686,307000,8,1694,636,2004,186.0,75.0,10084
1022,952,129900,7,1774,468,1931,0.0,51.0,6120
1077,991,118000,5,1077,205,1939,0.0,50.0,7420
1040,1040,129500,5,1040,384,1965,0.0,70.0,11200
1182,1175,345000,9,2324,736,2005,286.0,85.0,11924
1494,1494,279500,7,1494,840,2006,306.0,91.0,10652
854,832,132000,7,854,576,1929,0.0,51.0,6120
1296,0,90000,4,1296,516,1967,0.0,72.0,10791
1114,1114,159000,5,1114,576,2004,0.0,66.0,13695
1339,1029,139000,5,1339,294,1958,0.0,70.0,7560
1158,1158,325300,8,2376,853,2005,380.0,101.0,14215
1108,637,139400,7,1108,280,1930,0.0,57.0,7449
1795,1777,230000,8,1795,534,2002,281.0,75.0,9742
1060,1040,129900,5,1060,572,1976,0.0,44.0,4224
1600,1566,256300,8,1600,890,2007,640.0,110.0,14230
900,900,134800,5,900,576,1951,0.0,60.0,7200
1704,1704,306000,8,1704,772,2007,200.0,98.0,11478
1600,1484,207500,5,1600,319,1957,0.0,47.0,16321
520,520,68500,4,520,240,1927,0.0,60.0,6324
649,649,40000,4,1317,250,1920,0.0,50.0,8500
1234,1234,179900,8,1234,484,2007,0.0,85.0,11049
1700,1398,165500,5,1700,447,1959,0.0,70.0,10552
1561,1561,277500,9,1561,556,2005,246.0,60.0,7313
1132,1117,309000,8,2452,691,2004,132.0,108.0,13418
1097,1097,145000,5,1097,672,1994,0.0,112.0,10859
1297,1297,153000,5,1297,498,1954,650.0,74.0,8532
1057,1057,109000,5,1057,246,1953,0.0,68.0,7922
1152,0,82000,4,1152,0,1955,0.0,65.0,6040
1324,1088,160000,6,1324,440,1965,101.0,84.0,8658
1328,1350,170000,5,1328,308,1959,0.0,115.0,16905
1150,1150,141000,5,1150,300,1959,0.0,70.0,7945
1752,1752,319900,9,1752,576,2005,412.0,61.0,7658
1518,1434,239686,7,2149,670,2003,0.0,48.0,12822
1656,1656,249700,8,1656,826,2006,0.0,84.0,11096
736,736,113000,4,1452,0,1920,0.0,33.0,4456
955,955,127000,5,955,386,1966,0.0,66.0,7742
816,816,114500,6,1176,528,1934,0.0,52.0,6240
816,816,110000,5,816,516,1963,0.0,110.0,8472
1842,1842,385000,9,1842,894,1981,0.0,68.0,50271
1360,384,130000,5,1360,572,1955,0.0,60.0,7134
1425,1425,180500,6,1425,576,1964,272.0,100.0,10175
983,970,172500,8,1739,480,1999,456.0,24.0,2645
860,860,196500,7,1720,565,2004,0.0,89.0,11645
1426,1410,438780,10,2945,641,2006,1031.0,66.0,13682
780,780,124900,5,780,352,1972,0.0,60.0,7200
1158,1158,158000,6,1158,576,2004,0.0,63.0,13072
581,530,101000,5,1111,288,1920,0.0,60.0,7200
1370,1370,202500,8,1370,484,2006,178.0,44.0,6442
902,576,140000,7,1710,480,1921,0.0,50.0,10300
1143,1143,317000,8,2473,852,2004,344.0,76.0,9591
1479,1453,226000,7,1479,558,2003,167.0,72.0,10665
747,747,80000,4,747,220,1945,0.0,47.0,4608
1304,1304,225000,7,2287,667,1953,0.0,81.0,15593
2223,2223,244000,7,2223,516,1973,1115.0,95.0,13651
845,845,129500,4,845,360,1982,0.0,69.0,7599
885,832,185000,7,1718,427,1998,40.0,74.0,10141
1086,1086,144900,5,1086,490,1954,104.0,85.0,10200
840,840,107400,3,1605,379,1915,0.0,60.0,5790
526,462,91000,4,988,297,1973,0.0,21.0,1596
1072,672,127000,5,1285,240,1948,0.0,50.0,8635
1768,1768,136500,4,1768,0,1968,0.0,72.0,10778
682,440,110000,5,1230,440,1910,0.0,60.0,10440
1182,896,193500,6,2142,509,1968,576.0,100.0,13000
1337,1237,153500,6,1337,405,1998,443.0,32.0,4500
1563,1563,245000,8,1563,758,2007,468.0,78.0,10206
1065,1065,126500,5,1065,461,1960,66.0,80.0,8892
1301,1288,260000,8,2417,462,1991,284.0,121.0,16059
684,684,174000,6,1560,400,2005,0.0,122.0,11911
612,612,164500,6,1224,528,2009,76.0,40.0,3951
1013,1013,85000,3,1526,0,1915,0.0,105.0,8470
990,990,123600,4,990,0,1994,0.0,60.0,8070
1040,0,109900,4,1040,420,1950,0.0,60.0,7200
1235,1235,98600,5,1235,480,1961,203.0,85.0,8500
964,876,163500,5,964,432,1921,0.0,80.0,13360
1260,1214,133900,6,2291,506,1910,0.0,60.0,7200
905,824,204750,6,1786,684,1997,0.0,69.0,9337
1588,1588,214000,7,1588,472,1999,183.0,78.0,10264
960,960,94750,4,960,432,1965,48.0,73.0,10921
835,458,83000,5,835,366,1920,0.0,85.0,10625
1225,950,128950,4,1225,0,1959,0.0,77.0,9320
977,741,178000,6,1732,476,1985,336.0,77.0,9206
1535,0,118964,5,1535,410,1979,0.0,64.0,7018
1226,1226,198900,7,1226,740,2009,0.0,94.0,10402
1053,1053,250000,8,1992,648,2003,768.0,75.0,9375
1047,641,100000,4,1047,273,1885,0.0,60.0,10800
789,789,115000,5,789,250,1948,0.0,50.0,6000
997,793,115000,5,1517,0,1919,0.0,85.0,8500
1844,1844,190000,6,1844,546,1977,480.0,105.0,11751
1216,994,136900,6,1855,325,1954,0.0,75.0,9525
1282,1264,383970,7,2696,792,2007,220.0,77.0,9965
1436,1028,259500,6,2320,180,1945,0.0,61.0,7259
729,729,176000,6,1458,440,1999,1129.0,34.0,3230
1125,1125,155000,5,1125,430,2006,0.0,74.0,8536
1699,1673,320000,7,3222,594,1990,0.0,90.0,12376
728,728,163990,6,1456,390,2005,0.0,65.0,8461
772,732,100000,4,1123,264,1939,0.0,50.0,6060
1080,1080,136000,6,1080,288,1958,135.0,75.0,9464
1199,1199,153900,6,1199,530,1993,0.0,55.0,7892
1586,1362,181000,6,1586,435,1979,0.0,48.0,17043
520,520,84500,6,754,0,1935,0.0,60.0,6780
840,672,87000,5,840,0,1930,0.0,55.0,4388
660,660,155000,6,1348,453,1966,266.0,69.0,7590
1053,1008,150000,5,1053,750,1958,85.0,69.0,8973
1216,924,226000,7,2157,487,1966,309.0,88.0,14200
1327,1063,150750,5,1327,624,1959,0.0,75.0,7388
1721,1461,180000,5,1721,440,1968,0.0,78.0,10335
1682,1304,174000,7,1682,530,1970,288.0,80.0,10400
1959,1907,171000,7,1959,766,1988,70.0,82.0,11070
1004,1004,230000,8,1852,660,1999,320.0,73.0,9066
928,928,231500,6,1764,470,1997,0.0,65.0,15426
864,864,115000,4,864,0,1971,0.0,70.0,10500
1734,1734,260000,7,1734,660,2005,0.0,78.0,11645
910,910,166000,5,1385,720,1952,0.0,71.0,8520
1501,1490,204000,7,1501,577,1999,183.0,78.0,10335
1728,1728,125000,5,1728,504,1963,336.0,70.0,9100
970,970,130000,6,1709,380,2004,50.0,24.0,2522
875,715,105000,5,875,180,1931,0.0,51.0,6120
1080,1080,141000,7,1080,0,2004,120.0,63.0,7500
969,969,122000,5,969,440,1975,0.0,120.0,10356
1710,1710,372402,8,1710,866,2007,436.0,107.0,13891
1200,1200,125000,6,1200,312,1923,0.0,84.0,11340
572,572,79000,6,1096,0,1924,0.0,60.0,9600
1040,0,109500,5,1040,625,1950,0.0,60.0,7200
774,774,269500,8,1968,680,2009,84.0,92.0,12003
991,991,254900,7,1947,678,2004,0.0,100.0,12552
1392,1392,320000,7,2462,576,2005,456.0,134.0,19378
1572,1572,412500,9,2668,726,2003,664.0,110.0,13688
1541,1541,220000,7,1541,532,2005,226.0,95.0,12182
882,882,103200,4,882,0,1956,0.0,55.0,5500
1149,1149,152000,6,1616,216,1926,0.0,40.0,5400
808,644,127500,5,1355,0,1940,0.0,62.0,10106
1610,1582,325624,8,2161,789,2007,300.0,86.0,10562
840,840,183500,7,1720,440,2004,0.0,62.0,8244
1656,1080,215000,6,1656,528,1960,112.0,141.0,31770
1064,1064,239000,7,1767,504,1987,0.0,44.0,5306
1362,1362,163000,6,1362,504,1961,491.0,80.0,10197
1651,1606,184000,6,1651,616,1986,132.0,47.0,12416
2158,1202,243000,6,2158,576,1950,0.0,84.0,12615
1164,1151,211000,6,2060,521,1988,268.0,97.0,10029
2234,2216,501837,9,2234,1166,2008,748.0,63.0,17423
968,968,100000,5,968,480,1923,0.0,60.0,8520
901,793,200100,7,1802,216,1920,0.0,54.0,7588
1340,0,120000,5,1340,252,1957,98.0,60.0,9060
1362,1362,200000,7,2082,484,2003,0.0,63.0,11426
936,504,127000,5,1252,576,1908,0.0,92.0,7438
1518,1107,475000,10,3608,840,1892,0.0,90.0,22950
808,660,135000,5,1656,180,1916,0.0,60.0,10410
1224,1086,153337,5,1224,528,1979,275.0,64.0,7018
1593,1593,286000,8,1593,682,2001,0.0,41.0,4923
1549,853,315000,8,2727,440,1932,0.0,70.0,10570
1431,1431,192000,7,1431,666,1999,0.0,68.0,9017
970,970,130000,7,1709,380,2004,50.0,24.0,2522
864,864,127000,5,864,352,1972,0.0,60.0,7180
855,855,148500,6,1456,440,1976,0.0,24.0,2280
1726,1726,311872,7,1726,786,2007,205.0,79.0,9416
1360,1360,235000,8,3112,795,1918,0.0,174.0,25419
929,755,104000,6,2229,0,1912,0.0,92.0,5520
1713,1713,274900,8,1713,856,2004,262.0,76.0,9591
1121,1121,140000,4,1121,440,2003,0.0,80.0,8546
1279,1196,171500,6,1279,473,1977,0.0,75.0,10125
865,617,112000,6,1310,398,1924,0.0,50.0,7000
720,720,110000,5,1284,240,1947,0.0,50.0,3500
1442,1424,180500,7,1442,500,1990,0.0,99.0,11851
1696,1140,143900,5,1696,349,1962,0.0,40.0,13673
1092,1092,145000,6,1092,504,1964,260.0,75.0,8250
864,864,98000,5,864,0,1925,0.0,67.0,5604
1212,1212,186000,6,1212,460,2009,0.0,83.0,10420
932,900,252678,7,1852,644,2009,0.0,72.0,8640
990,990,156000,5,990,576,1995,0.0,43.0,13568
1236,1070,134450,5,1236,447,1957,64.0,72.0,10011
1436,1436,210000,7,1436,484,2004,266.0,65.0,8450
810,686,107000,4,1328,210,1925,0.0,57.0,9906
1248,1248,167240,7,1248,438,2005,16.0,43.0,3010
1498,1498,204900,7,1498,675,2006,0.0,73.0,8990
811,713,179900,6,1552,434,1975,0.0,85.0,11475
864,864,97000,4,864,576,1971,0.0,70.0,10500
2392,2392,386250,10,2392,968,2003,922.0,103.0,13472
630,630,112000,5,1302,280,1971,142.0,21.0,1680
1214,1203,290000,7,2520,721,1995,290.0,82.0,9950
483,483,106000,6,987,280,1970,127.0,21.0,1869
912,912,125000,5,912,336,1967,0.0,70.0,8521
1555,1373,192500,7,1555,430,2005,16.0,43.0,3182
1194,1194,148000,6,1194,312,1959,220.0,73.0,8760
1490,1462,403000,8,2794,810,1995,506.0,174.0,15138
483,483,94500,6,987,288,1972,297.0,21.0,1680
894,894,128200,5,894,308,1976,0.0,75.0,10650
483,483,89500,6,987,264,1971,604.0,21.0,1680
1414,1414,185500,7,1414,494,2004,98.0,65.0,8773
1694,1694,318000,8,1694,818,2007,254.0,93.0,12030
798,735,113000,6,1487,220,1945,0.0,52.0,8741
1566,1566,262500,8,1566,750,2008,36.0,75.0,9000
866,686,110500,5,866,0,1945,0.0,40.0,3880
889,540,79000,5,1440,352,1900,0.0,63.0,5000
626,626,120000,6,1217,288,1980,0.0,75.0,10762
1872,1845,241500,7,1872,604,1988,102.0,80.0,10400
908,1020,137000,6,1928,440,1910,0.0,69.0,9142
1375,1367,140000,6,1375,451,1954,0.0,75.0,11310
840,840,180000,7,1668,500,2003,101.0,72.0,11317
1306,728,76500,3,1306,0,1940,0.0,55.0,5350
1625,1573,235000,8,1625,538,2006,481.0,44.0,4750
798,798,173000,6,1640,520,2004,0.0,65.0,8366
1302,1302,158000,6,1302,309,1964,108.0,85.0,9350
1314,1314,145000,5,1314,294,1957,0.0,70.0,8400
1005,975,230000,7,2291,429,1999,302.0,66.0,8738
864,864,207500,6,1728,673,2003,0.0,64.0,8791
1604,1604,220000,7,1604,660,2006,180.0,68.0,8814
963,963,231500,7,1792,564,2001,172.0,80.0,12435
882,0,97000,5,882,308,1956,0.0,70.0,12702
1382,1362,176000,6,1382,884,1962,399.0,120.0,19296
1482,1482,276000,8,2574,868,2007,270.0,69.0,9588
1212,506,151000,6,1212,492,1977,46.0,88.0,8471
926,926,130000,5,1316,484,1929,0.0,50.0,5500
764,680,73000,5,764,504,1925,0.0,30.0,5232
1422,1422,175500,6,1422,576,1981,210.0,78.0,12090
802,802,185000,6,1511,413,1997,0.0,70.0,11207
1052,720,179500,5,2192,240,1939,0.0,60.0,8400
778,740,120500,5,778,924,1940,0.0,71.0,6900
1095,1095,266000,8,1939,1053,2006,0.0,84.0,10728
1363,1385,241500,7,1363,439,1954,0.0,73.0,39104
1164,1152,290000,8,2270,671,1999,348.0,92.0,11764
1632,1240,139000,6,1632,338,1958,183.0,80.0,9600
816,816,124500,5,816,264,1982,0.0,76.0,8314
952,952,205000,7,1548,672,1925,0.0,55.0,7264
1560,1560,201000,7,1560,573,2003,0.0,129.0,9196
864,864,141000,4,864,400,1951,0.0,140.0,19138
2121,2121,415298,9,2121,732,2006,315.0,107.0,14450
1156,1160,192000,7,2022,505,1977,299.0,83.0,10005
1175,807,228500,7,1982,575,1989,340.0,82.0,11287
1262,1262,185000,6,1262,572,2006,68.0,60.0,7200
1314,1314,207500,7,1314,626,2007,166.0,34.0,5063
1468,1468,244600,8,1468,898,2008,72.0,74.0,9612
1575,1575,179200,6,1575,529,1992,0.0,50.0,8012
625,625,164700,7,1250,528,2006,0.0,35.0,4251
1085,912,159000,6,1734,440,1962,0.0,77.0,9786
698,698,153575,6,1396,384,1915,0.0,60.0,8730
1079,1079,233230,8,1919,685,2006,0.0,120.0,15611
936,780,135900,5,1716,0,1912,0.0,55.0,5687
1148,768,131000,5,1716,281,1949,0.0,60.0,11409
1644,1416,167000,6,1644,418,1953,238.0,80.0,9600
1003,1003,142500,6,1003,588,1984,0.0,37.0,7937
910,910,152000,5,1558,282,1950,0.0,75.0,13710
975,975,239000,7,1950,576,1997,1600.0,66.0,7399
1041,702,175000,6,1743,539,1968,365.0,90.0,11700
1152,1092,158500,6,1152,300,1950,0.0,80.0,14000
1336,1165,157000,5,1336,375,1953,56.0,90.0,15750
1210,1028,267000,8,2452,683,1998,0.0,66.0,16226
1541,1541,205000,7,1541,843,2001,150.0,118.0,13704
894,894,149900,5,894,552,1972,0.0,70.0,9800
1675,1470,295000,7,3493,870,1880,0.0,87.0,18386
2000,2000,305900,8,2000,888,2004,246.0,80.0,10386
1122,700,225000,7,2243,746,1990,246.0,116.0,13474
1944,1896,360000,9,1944,708,2003,0.0,90.0,12378
972,972,132000,6,972,240,1948,0.0,50.0,8000
793,793,119900,5,1118,410,1939,0.0,65.0,7800
2036,2136,375000,7,2036,513,1965,0.0,150.0,215245
832,728,178000,7,1641,546,1925,0.0,60.0,9600
716,716,188500,7,1432,432,2004,0.0,71.0,7795
1153,845,260000,7,2353,484,1980,278.0,94.0,13005
1088,1088,270000,8,1959,1025,2006,0.0,75.0,9000
1372,1347,260000,7,2646,656,1993,256.0,90.0,9900
1249,1249,342643,9,2596,840,2006,370.0,111.0,16259
1136,1136,354000,8,2468,872,2004,388.0,99.0,12099
1553,1502,301000,7,2730,576,1986,172.0,86.0,10380
1163,1162,126175,3,1163,220,1955,0.0,49.0,5820
1898,710,242000,7,2978,564,1967,300.0,96.0,11275
803,720,87000,5,803,360,1941,0.0,50.0,5000
1719,1719,324000,8,1719,473,1993,0.0,32.0,10846
1383,1383,145250,6,1383,292,1960,175.0,80.0,11600
596,596,78000,5,1192,189,1920,0.0,60.0,6402
1056,1056,139000,5,1056,308,1958,0.0,70.0,8176
1629,3206,284000,8,1629,880,2003,296.0,85.0,10655
1358,1358,207000,7,1358,484,2004,146.0,59.0,8198
943,943,192000,6,1638,472,1998,0.0,59.0,9042
1922,1922,377426,9,1922,676,2005,200.0,86.0,14157
1536,1536,214000,7,1536,532,2002,113.0,70.0,9135
1621,1208,202500,7,1621,440,1984,0.0,91.0,14145
1215,1215,155000,6,1215,297,1958,176.0,66.0,12400
993,967,202900,8,1908,431,2002,0.0,85.0,14191
841,721,82000,4,841,294,1950,0.0,60.0,8400
1684,1684,266000,9,1684,564,2005,616.0,63.0,8849
536,536,85000,5,1112,336,1976,0.0,36.0,2592
972,972,140200,6,1577,312,1939,0.0,65.0,6435
764,764,154000,7,1626,474,2003,106.0,36.0,2448
1848,1848,437154,9,2728,706,2005,870.0,56.0,20431
1869,1869,318061,9,1869,617,2007,362.0,68.0,7820
616,616,95000,5,1111,200,1941,0.0,60.0,9084
720,624,105900,6,720,484,1928,0.0,60.0,8520
1192,940,140000,6,1595,240,1940,0.0,60.0,8400
1200,1200,177500,6,1200,521,1995,0.0,105.0,11249
1142,1142,134000,5,1142,528,1976,0.0,44.0,4224
1352,1062,130000,5,1352,288,1958,120.0,92.0,6930
1086,1086,280000,8,1924,592,1998,530.0,78.0,12011
495,0,198500,7,1922,672,2003,500.0,64.0,7301
483,483,118000,6,987,264,1972,510.0,21.0,1680
672,672,147000,5,1344,468,1920,0.0,59.0,10690
1431,1099,165000,6,1431,296,1962,305.0,101.0,9150
1268,1268,132000,5,1268,244,1954,200.0,78.0,7800
1120,0,134432,4,1588,680,1959,0.0,80.0,17120
752,744,125000,6,752,264,1984,0.0,50.0,7175
1319,608,123000,5,1319,270,1953,0.0,79.0,10634
847,847,219500,7,1928,434,2003,0.0,65.0,8200
914,870,148000,5,914,576,1996,0.0,57.0,8846
1580,1580,340000,8,2466,610,2004,0.0,102.0,11143
1856,1856,394432,9,1856,834,2010,350.0,88.0,11394
1007,982,179000,6,1800,463,2000,16.0,60.0,8123
1026,1026,127000,5,1691,308,1924,0.0,50.0,5000
1301,1293,187750,7,1301,572,2006,0.0,60.0,7200
939,939,213500,7,1797,639,2006,0.0,79.0,9245
784,784,76000,6,784,360,1928,0.0,60.0,9000
1269,1256,192000,8,1269,430,2004,16.0,43.0,3182
658,658,81000,5,1184,0,1910,0.0,58.0,8410
1125,1041,125000,6,1125,352,1976,255.0,72.0,7200
1479,1468,191000,7,1479,577,1999,125.0,93.0,9382
1742,1682,426000,10,2332,846,2007,272.0,96.0,12474
961,861,119000,5,1367,384,1900,0.0,50.0,8405
804,804,215000,6,1961,560,2001,0.0,71.0,12209
735,735,109000,5,1034,240,1940,0.0,60.0,10134
1144,1144,129000,5,1144,596,1956,0.0,68.0,9571
894,894,123000,5,894,600,1972,0.0,60.0,7200
876,864,169500,5,1812,264,1962,288.0,69.0,7590
1077,961,67000,5,1077,338,1920,0.0,60.0,8967
1112,1092,241000,7,1550,438,2006,100.0,65.0,8125
1288,1260,245500,8,1288,500,1996,0.0,38.0,14963
1310,1310,164990,7,1310,400,2005,0.0,65.0,8767
672,672,108000,5,672,240,1940,0.0,60.0,10200
1165,1141,258000,8,2263,420,1998,650.0,93.0,12090
1166,1064,115000,6,1639,240,1936,0.0,51.0,10480
840,840,177000,6,1680,308,1915,0.0,63.0,15576
1071,1063,280000,7,2172,947,2006,350.0,109.0,14154
1050,1034,339750,8,2078,836,2007,100.0,85.0,10800
1276,1276,60000,5,1276,350,1958,0.0,68.0,9571
1056,1056,145000,5,1056,572,1955,0.0,100.0,34650
1028,1008,115000,5,1028,360,1927,0.0,56.0,8960
1080,1080,228000,7,2097,678,1993,0.0,59.0,11228
1340,1340,181134,7,1340,396,2007,0.0,73.0,8899
672,672,149500,6,1400,440,1978,203.0,74.0,7844
1370,1370,239000,6,2624,864,1918,0.0,86.0,22420
756,756,126000,5,1134,240,1940,0.0,60.0,8160
1056,1056,142000,5,1056,304,1968,0.0,65.0,8450
1344,1344,206300,7,1344,784,1997,200.0,78.0,7060
988,988,113000,5,988,520,1954,0.0,100.0,21750
1470,1470,315000,8,2630,696,1998,473.0,80.0,9200
1196,1196,139000,6,1196,297,1956,74.0,72.0,9000
707,651,135000,7,1389,240,1946,0.0,60.0,3378
907,907,109008,4,907,352,1957,0.0,77.0,8593
1208,1208,195400,7,1208,628,2007,108.0,64.0,6762
1412,1392,175000,6,1412,576,1988,0.0,130.0,11457
483,483,85400,6,987,264,1971,232.0,21.0,1680
1088,901,79900,6,1198,0,1920,0.0,60.0,5586
765,765,122500,5,1365,440,1971,376.0,24.0,1920
926,926,181000,6,1604,470,1997,0.0,100.0,10839
630,630,81000,4,630,0,1972,0.0,21.0,1890
827,799,212000,7,1661,550,1996,0.0,43.0,10667
734,648,116000,6,1118,440,1920,0.0,40.0,4400
904,884,119000,6,904,180,1926,0.0,50.0,6000
694,440,90350,5,694,352,1913,0.0,40.0,4280
684,684,110000,6,1196,528,1920,0.0,67.0,12354
2402,3094,555000,10,2402,672,2008,200.0,105.0,15431
1440,1440,118000,4,1440,0,1955,270.0,92.0,12108
1128,1078,162900,5,1573,360,1930,0.0,52.0,6240
1258,1258,172500,7,1258,648,2006,72.0,53.0,3922
933,915,210000,7,1908,493,1994,0.0,70.0,8750
1689,1436,127500,6,1689,480,1956,0.0,73.0,9855
1888,1517,190000,6,1888,578,1966,0.0,137.0,16492
780,780,119500,6,1376,198,1937,0.0,50.0,8600
679,649,120000,3,1183,308,1948,0.0,50.0,6000
813,813,110000,6,813,270,1930,0.0,70.0,5684
1533,1533,280000,7,1533,576,1975,0.0,62.0,70761
786,768,210000,8,1590,676,2008,0.0,75.0,9000
1728,1728,188000,5,1728,560,1976,0.0,63.0,9297
1242,1242,175500,7,1242,528,1973,320.0,80.0,9600
624,624,98000,5,1344,513,1916,0.0,34.0,4571
832,832,263435,8,1935,552,2009,110.0,75.0,8004
575,560,155000,7,1135,576,1936,0.0,60.0,7200
864,864,62383,5,864,360,1965,0.0,60.0,8281
849,715,188700,6,1660,240,1934,0.0,74.0,11988
1040,1040,124000,5,1040,0,1978,136.0,60.0,8430
1277,1277,167000,7,1277,526,1970,0.0,85.0,10628
888,728,146500,5,1644,312,1942,224.0,79.0,9480
1634,1626,250000,8,1634,866,2006,248.0,98.0,11428
832,832,187000,6,1710,506,1993,120.0,76.0,9291
1161,808,190000,7,1969,534,1977,0.0,92.0,11952
1072,547,148000,6,1072,525,2005,80.0,35.0,3675
1976,1976,440000,8,1976,908,2006,304.0,110.0,14977
1652,1494,251000,8,1652,499,2000,0.0,41.0,5330
970,970,132500,5,970,624,1963,0.0,80.0,8480
1493,1478,208900,6,1493,508,1997,215.0,75.0,13125
2069,2153,380000,9,2643,694,2006,772.0,105.0,13693
1718,1705,297000,8,1718,826,2007,336.0,79.0,10637
1131,907,89471,4,1131,672,1937,435.0,50.0,5925
1850,1833,326000,9,1850,772,2004,378.0,98.0,16033
1792,1792,374000,9,1792,874,2003,562.0,72.0,11846
916,910,155000,7,1826,164,1915,0.0,50.0,2500
1216,1216,164000,6,1216,402,1998,116.0,32.0,4500
1113,1113,147000,5,1113,264,1950,0.0,80.0,9600
1073,1073,156000,5,1073,515,1965,168.0,79.0,10289
1484,1484,175000,5,1484,487,1971,0.0,70.0,12243
1766,954,160000,5,2414,520,1900,0.0,60.0,10800
630,630,86000,4,630,286,1970,0.0,21.0,1526
958,806,133000,6,1578,240,1941,0.0,79.0,9490
728,728,172785,6,1456,429,2006,0.0,105.0,15578
1269,1269,155000,5,1269,308,1960,0.0,70.0,7931
886,190,91300,5,886,273,1938,0.0,50.0,5784
720,720,34900,4,720,0,1920,0.0,60.0,7879
1133,1026,184000,7,1820,240,1925,0.0,60.0,9120
899,864,130000,5,899,288,1967,89.0,65.0,7800
912,912,120000,5,912,297,1958,0.0,70.0,7535
672,672,113000,6,1218,264,1973,285.0,21.0,1890
866,866,226700,7,1768,603,2005,0.0,75.0,9803
1214,1214,140000,5,1214,461,1965,0.0,70.0,9170
1801,1501,289000,7,1801,484,1959,0.0,100.0,15602
855,855,147000,6,1322,440,1974,0.0,24.0,2308
960,960,124500,5,1960,400,1952,360.0,60.0,7596
1065,777,215000,8,1911,471,1993,125.0,80.0,9554
1218,1218,208300,6,1218,676,2009,0.0,75.0,7862
689,689,161000,7,1378,360,1928,0.0,60.0,9600
1041,1041,124500,5,1041,270,1959,132.0,80.0,9600
1363,1008,164900,5,1363,288,1951,70.0,75.0,14559
1368,1368,202665,7,1368,474,2005,94.0,40.0,6792
864,864,129900,5,864,624,1958,0.0,70.0,9100
1080,1084,134000,6,1080,484,1983,0.0,71.0,9187
789,768,96500,5,789,200,1926,0.0,55.0,10594
2020,2006,402861,10,2020,900,2009,305.0,94.0,12220
1277,1264,265000,7,2344,889,1996,921.0,79.0,10208
1276,1276,234000,7,2080,282,1926,0.0,53.0,10918
694,0,106250,4,1294,0,1900,0.0,60.0,10800
1244,1244,150000,6,1244,336,1957,0.0,90.0,11988
1004,1004,159000,6,1664,420,1947,0.0,50.0,5000
3138,3138,184750,10,4676,884,2007,762.0,130.0,40094
1383,1379,315750,7,2398,834,1996,594.0,95.0,11787
1266,1257,176000,7,1266,453,2005,0.0,62.0,7500
928,928,132000,5,928,252,1956,0.0,70.0,13300
1476,1452,446261,9,2713,858,2008,268.0,67.0,14948
605,528,86000,4,605,0,1920,0.0,58.0,9098
1509,1461,175000,6,1509,600,1988,219.0,85.0,10200
751,611,128000,6,1362,502,1920,0.0,60.0,6155
827,0,107500,5,827,392,1955,0.0,60.0,7200
334,0,39300,1,334,0,1946,0.0,50.0,5000
707,707,178000,8,1414,403,2004,0.0,74.0,9056
820,1117,107500,5,1347,0,1910,0.0,70.0,7000
880,880,188000,7,1724,527,1998,0.0,57.0,8924
1838,1838,315000,9,1838,765,2006,584.0,85.0,14601
1680,1650,213250,7,1680,583,1998,0.0,78.0,10140
767,723,133000,7,767,367,1998,182.0,34.0,4058
664,654,179665,7,1496,426,2006,0.0,58.0,17104
915,1065,210000,6,1635,440,1923,0.0,70.0,8737
768,768,129500,5,768,624,1970,0.0,54.0,7244
825,825,125000,5,825,720,1955,0.0,49.0,8235
912,912,263000,7,2094,615,2003,0.0,75.0,9375
1069,1069,140000,6,1069,440,1977,0.0,53.0,4043
928,928,112500,5,928,288,1957,0.0,50.0,6000
1717,1709,255500,8,1717,908,2006,250.0,87.0,11146
1126,0,108000,4,1126,520,1949,0.0,67.0,8777
1006,998,284000,7,2046,871,2003,292.0,85.0,10625
1048,993,113000,5,1048,280,1922,0.0,58.0,6380
1092,1092,141000,5,1092,299,1957,0.0,69.0,14850
897,637,108000,4,1336,570,1920,0.0,60.0,11040
729,729,175000,7,1446,406,1996,0.0,57.0,21872
1389,1389,170000,5,1389,418,1974,0.0,77.0,10010
996,996,108000,5,996,0,1940,0.0,63.0,13907
1163,1163,185000,6,1674,396,1918,0.0,66.0,21780
841,806,128000,6,1647,216,1915,0.0,66.0,6858
1134,1122,325000,9,2504,656,2005,245.0,77.0,11198
1535,1517,214000,7,1535,532,2004,168.0,70.0,10171
1496,1496,316600,8,2132,612,1983,0.0,79.0,12327
1728,1728,142600,5,1728,576,1965,108.0,74.0,13101
864,864,120000,6,864,288,1959,207.0,60.0,7332
846,846,224500,7,1692,650,2009,0.0,83.0,13159
774,384,170000,7,1430,400,2000,0.0,76.0,9967
576,372,139000,5,1109,288,1971,82.0,70.0,10500
832,832,118500,5,1216,336,1947,0.0,80.0,8480
877,861,145000,7,1477,216,1928,0.0,52.0,6292
1320,1164,164500,5,1320,564,1966,97.0,96.0,11777
703,689,146000,7,1392,540,2007,0.0,34.0,3604
1050,1050,131500,5,1795,352,1954,335.0,81.0,12150
2042,2042,253293,8,2042,1390,2008,306.0,98.0,12704
816,816,118500,6,816,0,1990,104.0,81.0,11841
1521,1237,325000,10,2775,880,1893,0.0,75.0,13500
989,884,133000,4,1573,240,1935,0.0,51.0,6120
2028,1868,369900,8,2028,880,2005,208.0,88.0,11443
838,816,130000,6,838,275,1918,0.0,55.0,10267
860,840,137000,5,860,528,1982,0.0,74.0,8740
1473,1437,143000,5,1473,452,1968,0.0,65.0,25095
779,742,79500,5,935,308,1930,0.0,50.0,9100
770,770,185900,7,1582,520,2004,0.0,64.0,8320
1728,1722,451950,10,2296,842,2008,420.0,97.0,13478
816,816,138000,5,816,816,1982,0.0,60.0,6600
924,924,110000,5,924,280,1975,0.0,88.0,7990
1826,1814,319000,8,1826,758,2005,238.0,69.0,11302
684,684,114504,6,1368,216,1910,0.0,60.0,3600
1402,1258,194201,7,1402,648,2006,72.0,53.0,3922
1647,1430,217500,5,1647,621,1977,459.0,80.0,12984
716,716,151000,6,1556,452,1980,0.0,24.0,1950
1058,1058,275000,8,1904,736,2005,280.0,74.0,10927
780,780,141000,6,1375,544,1937,0.0,50.0,9000
927,908,220000,8,1915,506,1992,0.0,80.0,10041
600,600,151000,7,1200,480,2004,0.0,30.0,3182
1494,1494,221000,7,1494,530,2002,99.0,88.0,12803
1186,768,205000,7,1986,486,1965,176.0,85.0,13600
1040,1040,152000,5,1040,576,1996,0.0,82.0,12464
1112,896,225000,5,2008,230,1948,0.0,78.0,7800
1940,965,359100,8,3194,380,1934,0.0,78.0,12168
1029,1029,118500,4,1029,261,1961,192.0,61.0,7943
1120,1120,147000,5,1120,0,2007,0.0,70.0,8402
630,630,75500,4,630,0,1972,0.0,21.0,1491
1054,936,137500,6,1054,480,1963,156.0,80.0,8800
832,832,105500,6,832,528,1954,0.0,59.0,7227
1828,1822,314813,9,1828,774,2007,452.0,90.0,11694
1482,1482,305000,8,2262,749,2003,226.0,85.0,12244
864,864,67000,3,864,0,1914,0.0,45.0,8248
1548,1522,240000,6,2614,624,1974,0.0,90.0,10800
980,980,135000,5,980,484,1977,153.0,71.0,7064
1012,732,165150,6,1790,484,1972,288.0,80.0,10400
1116,1116,160000,6,1116,440,1962,261.0,87.0,10000
1520,1156,153000,6,1520,364,1955,164.0,80.0,9600
1040,1040,135000,5,2080,504,1969,192.0,70.0,11606
1350,1248,168500,6,1350,520,1964,259.0,82.0,9020
1089,636,124000,5,1750,240,1880,0.0,50.0,9000
1554,1554,209500,8,1554,627,2006,108.0,34.0,4590
1411,1386,82500,7,1411,544,1977,209.0,85.0,11900
1056,1056,139400,5,1056,260,1954,0.0,80.0,9250
1056,1056,144000,6,1056,576,1980,0.0,64.0,6979
1440,1440,200000,6,3395,0,1914,0.0,60.0,10896
800,264,60000,2,800,0,1936,0.0,51.0,6120
811,811,93000,5,1387,256,1954,0.0,50.0,6000
796,796,85000,5,796,0,1910,0.0,67.0,8777
1567,1520,264561,8,1567,648,2006,0.0,53.0,3982
1518,1518,274000,8,1518,588,2003,472.0,62.0,12677
2000,1952,345000,8,2704,538,1972,0.0,75.0,13860
780,780,152000,5,1620,462,1969,263.0,80.0,10793
1766,1766,370878,9,1766,478,2009,162.0,85.0,9187
1048,0,98300,5,1048,420,1950,0.0,60.0,7200
1094,1094,155000,6,1094,495,1953,216.0,85.0,10452
1051,756,155000,6,1839,442,1966,351.0,70.0,7700
630,630,84500,4,630,0,1970,0.0,21.0,1936
755,755,108000,4,1510,296,1940,0.0,60.0,9084
909,880,191000,7,1716,512,1996,0.0,70.0,8750
756,756,135000,6,1469,216,1906,0.0,60.0,10320
2113,2109,350000,8,2113,839,1995,660.0,91.0,10437
525,525,88000,6,1092,264,1971,381.0,21.0,1680
1053,1053,145500,5,1053,312,1959,54.0,72.0,10007
851,776,149000,7,1502,270,1931,0.0,60.0,7200
912,912,97500,6,1458,330,1948,0.0,78.0,17503
1486,1486,167000,5,1486,480,1964,0.0,75.0,9937
1686,1629,402000,8,2448,711,1994,528.0,52.0,46589
1392,1392,110000,6,1392,576,1968,216.0,120.0,13560
1181,1138,137500,4,1181,588,1972,0.0,90.0,10012
2097,2077,423000,8,2097,1134,2005,0.0,49.0,20896
1454,1406,230500,8,1936,504,2000,40.0,106.0,11194
1679,1408,193500,6,1679,575,1994,258.0,65.0,8125
1180,700,137500,4,1180,252,1922,0.0,80.0,11600
738,738,173500,6,1476,540,2005,0.0,64.0,8633
697,672,103600,6,1369,300,1925,0.0,54.0,6629
1839,1477,257500,6,1839,416,1957,106.0,110.0,14442
1136,1136,140000,6,1136,384,1965,0.0,80.0,9200
855,855,148500,6,1441,440,1978,0.0,24.0,2289
1095,1095,87000,4,1774,779,1900,0.0,60.0,9600
792,768,109500,5,792,240,1924,0.0,52.0,9022
2046,2046,372500,8,2046,834,2008,464.0,80.0,11844
923,923,143000,6,923,264,1980,0.0,50.0,8012
848,793,159434,5,1520,281,1932,0.0,55.0,4500
1668,1626,285000,9,1668,702,2002,215.0,90.0,11248
1195,1195,221000,7,1839,486,1998,30.0,58.0,16770
874,874,227875,7,1761,578,2007,0.0,84.0,10207
1419,1419,392000,8,1419,567,2007,0.0,60.0,8089
1362,1362,194700,6,1362,460,2005,256.0,61.0,7577
2444,2444,755000,10,4316,832,1994,1170.0,104.0,21535
1238,1210,335000,7,2519,628,1989,293.0,42.0,26178
1073,1073,108480,5,1073,326,1921,0.0,60.0,5400
1067,927,141500,5,1539,576,1936,0.0,51.0,6120
1137,1112,176000,6,1137,551,1987,72.0,54.0,13811
616,616,89000,5,616,205,1921,0.0,50.0,6000
1148,980,123500,5,1148,308,1952,0.0,57.0,6420
894,894,138500,5,894,336,1965,0.0,65.0,8450
1391,1391,196000,7,1391,530,2004,0.0,59.0,4282
1800,1800,312500,8,1800,765,2002,630.0,85.0,14331
1164,1164,140000,7,1164,528,1969,168.0,80.0,9600
1264,1234,361919,8,2576,666,2006,466.0,82.0,12438
1032,360,140000,5,1812,672,1900,0.0,76.0,7630
1484,1473,213000,7,1484,606,2004,109.0,70.0,8400
372,0,55000,4,1092,0,1930,0.0,70.0,5600
1324,1324,254000,8,1324,550,2006,176.0,48.0,6240
728,728,179540,7,1456,400,2007,0.0,65.0,9018
729,270,52000,3,729,0,1935,0.0,56.0,4130
859,859,102776,4,1178,384,1900,0.0,66.0,8712
1228,1228,189000,8,1228,472,1988,0.0,40.0,4671
960,960,129000,4,960,576,1970,160.0,60.0,9873
1350,1064,165000,6,1350,478,1974,174.0,78.0,10140
1576,718,159500,7,2554,704,1890,0.0,60.0,10800
1178,1176,157000,5,1178,439,1973,0.0,80.0,10000
1325,1311,341000,7,2418,983,1993,651.0,96.0,10542
971,971,128500,5,971,300,1969,0.0,69.0,9920
864,864,124500,4,864,463,1970,0.0,70.0,8120
997,941,135000,4,1470,548,1954,0.0,60.0,8172
1698,1698,320000,9,1698,768,2007,340.0,86.0,13286
864,864,120500,4,864,660,1970,0.0,60.0,6960
1232,1232,194500,7,1232,632,2007,82.0,64.0,7314
1776,1584,110000,5,1776,888,1958,95.0,85.0,11475
848,780,103000,4,1208,539,1925,0.0,52.0,6240
1616,1595,236500,8,1616,608,1995,0.0,39.0,5389
1146,868,187500,7,1146,438,2003,442.0,73.0,9590
1153,1153,222500,7,2031,541,1998,202.0,75.0,11404
1144,864,131400,5,1144,264,1961,0.0,80.0,10000
880,880,163000,7,1768,320,1914,0.0,60.0,10800
1040,0,93500,3,1040,400,1950,0.0,60.0,8544
901,893,239900,8,1801,800,2005,0.0,72.0,10463
1200,1200,179000,5,1200,0,1987,0.0,60.0,10800
864,864,190000,7,1728,572,2004,0.0,65.0,9313
768,264,132000,5,1432,360,1910,0.0,60.0,9600
912,912,142000,6,912,288,1961,0.0,65.0,6768
1349,1349,179000,7,1349,539,2000,108.0,65.0,8450
1464,520,175000,5,1464,480,1963,0.0,70.0,12886
1337,1337,180000,8,1337,462,1993,0.0,41.0,5395
1320,1240,265979,7,2640,864,1880,0.0,65.0,11700
1720,1720,260400,7,1720,527,1996,338.0,59.0,10593
1088,0,98000,4,1529,240,1945,0.0,50.0,8405
792,576,96500,4,1140,0,1910,0.0,55.0,8800
1494,1479,217000,6,1494,576,1997,0.0,79.0,9236
1038,1030,275500,8,2098,878,2005,178.0,80.0,10240
1026,1026,156000,6,1026,440,1969,0.0,61.0,7930
742,729,172500,6,1471,440,1999,894.0,34.0,3230
866,866,212000,8,1768,578,2007,0.0,68.0,10769
757,744,179400,7,1501,440,1999,360.0,24.0,2280
1328,1318,290000,8,2531,752,1995,513.0,65.0,12257
864,864,127500,6,864,300,1959,0.0,70.0,9100
1301,1145,100000,5,1301,440,1924,0.0,60.0,6911
764,756,215200,7,1547,614,2009,0.0,72.0,8640
1268,1252,337000,8,2365,856,1999,673.0,82.0,9430
1494,1494,270000,8,1494,481,1995,0.0,30.0,9549
1506,1498,264132,9,1506,592,2008,284.0,75.0,14587
980,980,196500,7,1714,496,1988,42.0,80.0,10421
983,983,160000,6,1750,423,1940,0.0,75.0,12508
1836,1860,216837,7,1836,484,2004,0.0,70.0,9100
1690,1650,538000,8,3279,841,2003,603.0,47.0,53504
1220,836,102000,4,1220,396,1951,0.0,67.0,8877
1117,1029,107000,6,1117,672,1976,0.0,94.0,7819
912,912,114500,5,912,275,1958,1.0,70.0,10150
1973,1935,395000,8,1973,895,2006,375.0,110.0,14226
1204,1204,162000,6,1204,412,1998,320.0,32.0,4500
1614,1614,221500,7,1614,865,2005,240.0,86.0,11210
894,864,142500,5,894,440,1974,0.0,100.0,13350
2020,0,144000,5,2020,630,1977,320.0,60.0,8400
1004,975,135000,6,1004,504,1977,90.0,78.0,10530
1253,1237,176000,7,1253,402,1995,38.0,63.0,7875
810,761,175900,6,1603,484,1992,0.0,65.0,7153
1430,1413,187100,7,1430,605,2001,0.0,67.0,16285
742,742,128000,6,1484,0,1914,0.0,35.0,6300
966,686,139000,5,1652,416,1915,0.0,60.0,10800
956,956,233000,7,2084,618,2004,0.0,76.0,10142
901,901,107900,4,901,281,1954,0.0,50.0,6000
1145,1145,160200,7,1145,397,2005,11.0,43.0,3182
1127,1117,269790,7,2013,455,1996,0.0,92.0,9920
1496,1496,225000,8,1496,474,2007,140.0,76.0,9158
888,650,171000,6,1564,476,1980,130.0,70.0,8400
1285,660,143500,6,1285,528,1977,148.0,71.0,8197
773,773,110000,5,773,240,1953,0.0,57.0,7677
1966,1926,485000,9,3140,820,2008,860.0,104.0,13518
981,731,175000,5,1768,240,1937,252.0,60.0,7200
616,616,200000,6,1688,603,1997,0.0,79.0,12798
1196,1196,109900,4,1196,440,1916,0.0,40.0,4800
728,728,189000,7,1456,410,2005,0.0,63.0,8199
1734,1734,582933,9,2822,1020,2008,424.0,107.0,13891
1128,936,118000,5,1128,286,1954,0.0,75.0,9000
1428,1417,227680,7,1428,554,2008,256.0,91.0,12274
980,980,135500,5,980,384,1967,0.0,75.0,9750
1072,1324,223500,5,1576,528,1923,0.0,144.0,21384
1086,1024,159950,5,1086,484,1966,1047.0,85.0,13400
1075,849,106000,5,2138,360,1898,0.0,90.0,8100
1309,1040,181000,6,1309,484,1974,99.0,78.0,10140
1044,540,55993,5,1044,504,1952,0.0,66.0,8712
1442,1442,157900,6,1442,301,1958,243.0,75.0,9750
686,686,116000,5,1250,280,1918,0.0,45.0,8248
1661,1649,224900,7,1661,598,1998,442.0,48.0,12137
1052,1010,155000,6,1052,440,1971,80.0,80.0,8816
1358,1358,224000,7,1358,484,2009,128.0,44.0,6371
798,798,183000,7,1640,595,2003,0.0,72.0,7226
936,936,93000,4,936,576,1953,0.0,60.0,6000
944,778,139500,6,1489,240,1940,0.0,60.0,9900
1489,1489,232600,8,1489,776,2006,0.0,81.0,11216
2084,2078,385000,10,2084,1220,2007,816.0,114.0,14803
784,784,109500,5,784,0,1924,0.0,50.0,6130
1434,1454,189000,7,1434,527,2001,0.0,65.0,8529
520,600,147400,7,1223,480,2005,0.0,24.0,2544
1392,1392,166000,6,1392,458,1957,387.0,80.0,11900
520,600,151000,7,1200,480,2005,0.0,30.0,3180
941,941,237000,7,1829,613,2003,223.0,44.0,9548
1516,1516,167000,6,1516,472,1964,180.0,100.0,10004
1144,1144,139950,5,1144,456,1961,136.0,75.0,7875
1067,1067,128000,4,1067,436,1950,0.0,60.0,9600
1559,1559,153500,5,1559,812,1948,0.0,90.0,8100
483,483,100000,6,987,264,1973,158.0,21.0,1680
1099,1099,144000,5,1099,352,1995,0.0,75.0,9525
768,768,130500,5,1200,240,1946,0.0,70.0,11767
958,650,157500,5,1539,686,1904,0.0,60.0,10440
1165,1127,174900,6,1165,490,1966,183.0,82.0,9020
1800,1800,141000,5,1800,0,1961,0.0,80.0,8000
876,876,153900,5,1416,720,1915,0.0,100.0,12665
1006,740,213000,7,1775,425,1993,137.0,75.0,9317
864,864,133500,5,864,338,1972,0.0,36.0,15523
1307,907,240000,6,2358,360,1908,0.0,75.0,45600
1094,528,187000,6,1855,512,1976,360.0,80.0,9600
848,848,131500,6,848,420,2003,170.0,36.0,4435
918,918,164000,7,1646,240,1941,0.0,53.0,7128
1779,1763,170000,5,1779,454,1955,0.0,102.0,17920
702,702,174000,6,1481,343,1994,0.0,65.0,8125
1370,1090,152000,7,1370,479,1976,189.0,80.0,10400
912,912,189950,7,1426,216,1918,0.0,55.0,7642
1039,1039,131500,5,1039,504,1965,0.0,75.0,11625
1097,1040,152000,6,1097,480,1984,0.0,81.0,9672
1148,1148,132500,5,1148,672,1959,0.0,70.0,7931
1372,1372,250580,7,1372,529,2007,0.0,72.0,8640
1646,1638,248900,8,1646,870,2006,274.0,67.0,10656
1120,1040,129000,4,1120,544,1961,0.0,85.0,6970
1062,1050,236000,7,1949,574,1993,246.0,80.0,9938
894,894,109500,5,894,308,1962,0.0,60.0,6600
804,804,200500,6,1682,523,1998,116.0,70.0,8750
910,105,116000,5,910,414,1953,0.0,74.0,8892
1036,832,133000,5,1268,288,1949,0.0,60.0,12144
676,676,66500,5,1131,200,1941,0.0,52.0,5720
1184,1184,303477,8,2610,550,2007,0.0,75.0,9000
1040,1064,132250,4,1040,648,1963,0.0,94.0,25286
1462,1462,350000,9,2224,738,2004,216.0,74.0,8834
1155,1109,148000,5,1155,576,1961,0.0,88.0,11782
1090,1090,157000,5,1090,450,2005,0.0,60.0,7024
1187,1156,187500,7,1717,400,1990,117.0,44.0,13758
954,795,118500,4,2230,440,1912,0.0,60.0,6204
892,892,100000,5,892,288,1967,60.0,65.0,7150
1709,1698,328900,9,1709,506,1999,60.0,50.0,5119
1712,1626,145000,5,1712,588,1959,122.0,70.0,8393
872,816,135500,5,1393,300,1955,0.0,59.0,16466
2217,2217,268000,8,2217,621,1970,0.0,95.0,15865
1505,1505,149500,6,1505,505,1953,90.0,128.0,12160
672,672,122900,5,924,576,1949,0.0,60.0,8064
918,918,172500,6,1683,440,1978,92.0,70.0,11184
1068,1059,154500,6,1068,264,1963,0.0,70.0,8414
1535,0,118858,5,1535,400,1979,0.0,64.0,7018
983,780,140000,6,1796,483,1963,415.0,71.0,7056
951,951,106500,4,951,327,1936,0.0,50.0,8765
1120,0,142953,5,2240,528,1979,0.0,64.0,7018
2364,2330,611657,9,2364,820,2009,760.0,100.0,12919
1236,912,135000,5,1236,288,1961,0.0,65.0,6993
1306,992,153000,5,1306,756,1957,0.0,64.0,8712
807,783,180000,7,1509,393,2003,0.0,63.0,7875
1670,1670,240000,7,1670,690,2006,27.0,50.0,14859
1063,1056,128000,5,1063,280,1954,110.0,80.0,9920
1636,1623,255000,8,1636,865,2006,208.0,116.0,13501
1020,1017,250000,7,2057,180,1936,0.0,86.0,11500
742,742,174000,6,1484,390,2005,0.0,149.0,12589
1105,1105,154300,5,2274,480,1960,361.0,80.0,11600
1015,768,88000,5,1015,450,1925,0.0,51.0,6120
1001,1001,145000,5,2002,871,1949,0.0,82.0,6270
612,612,173733,6,1224,528,2009,76.0,30.0,3000
546,546,75000,4,1092,286,1970,80.0,21.0,2001
480,480,35311,2,480,308,1949,0.0,50.0,9000
912,1104,238000,7,2127,833,1991,0.0,103.0,13125
1414,1184,176500,6,1414,601,1958,0.0,87.0,11029
936,928,201000,6,1721,471,1994,105.0,70.0,8462
1272,1272,145900,5,2200,0,1900,0.0,67.0,8777
1316,1316,169990,6,1316,397,2005,0.0,65.0,10237
1617,1604,193000,6,1617,533,1993,0.0,50.0,8012
1686,1686,207500,6,1686,612,1980,157.0,79.0,10240
1234,1181,285000,8,2374,656,2003,340.0,93.0,11999
1466,1466,201000,8,1466,610,2007,0.0,73.0,8925
925,925,117500,5,925,429,1965,0.0,70.0,9100
1905,1905,320000,9,1905,788,2006,302.0,84.0,11670
1500,1500,190000,7,1500,570,2004,210.0,63.0,8487
2069,585,242000,7,2069,505,1960,0.0,313.0,27650
747,600,79900,4,747,528,1926,108.0,52.0,5825
1113,1113,253000,7,1971,689,2005,0.0,75.0,9675
1391,1391,239799,7,1962,868,2006,0.0,73.0,8760
1728,1728,150900,6,1728,574,1976,0.0,55.0,12640
1440,1440,150000,4,1440,0,1977,0.0,42.0,7711
1632,1632,143000,5,1632,576,1967,0.0,100.0,25000
1188,1088,124900,5,1869,456,1890,0.0,98.0,8820
1144,1144,143000,5,1144,796,1959,128.0,70.0,8163
1629,1616,270000,8,1629,808,2002,236.0,85.0,14536
936,936,192500,7,1776,474,2002,144.0,65.0,14006
1381,1161,197500,6,1381,676,1972,0.0,78.0,9360
864,864,129000,5,864,720,1950,0.0,60.0,7200
965,828,119900,5,965,300,1965,0.0,60.0,7800
768,768,133900,5,768,396,1972,0.0,60.0,7200
980,945,127500,6,980,0,1975,250.0,35.0,9400
979,979,145000,6,1958,492,1946,423.0,82.0,7136
561,561,124000,6,1229,462,1980,0.0,24.0,1300
1057,1057,132000,5,1057,576,1962,0.0,70.0,7420
1337,1337,185000,7,1337,531,2003,0.0,65.0,8450
696,696,155000,7,1416,484,1999,0.0,24.0,2572
858,858,116500,5,858,0,1958,0.0,50.0,7207
804,804,155000,6,1548,440,1976,0.0,24.0,2308
1800,1800,239000,9,1800,702,2007,0.0,122.0,11923
824,817,214900,7,1894,510,2002,44.0,80.0,11316
783,783,178900,6,1484,393,2005,0.0,65.0,10237
976,728,160000,5,1308,256,1940,0.0,130.0,9600
600,600,37900,3,968,0,1910,0.0,50.0,5925
1095,588,140000,6,1095,264,1958,105.0,75.0,10382
720,720,135000,4,1192,0,1949,0.0,60.0,10800
764,764,173000,7,1626,474,2003,106.0,36.0,2268
918,918,99500,6,918,264,1979,0.0,55.0,7892
1136,728,167500,7,2019,532,1910,0.0,60.0,11414
869,440,85500,4,869,0,1923,0.0,51.0,5900
894,894,110000,4,894,400,1954,0.0,68.0,9450
1121,1121,139000,5,1121,480,1963,0.0,80.0,8816
1276,1225,336000,8,2612,676,1998,975.0,98.0,12203
1266,1266,159895,7,1266,388,2007,16.0,43.0,3182
1302,0,126000,5,1734,539,1977,0.0,75.0,10125
1164,1164,125000,5,1164,240,1950,0.0,68.0,10880
1001,485,117000,6,1635,255,1910,0.0,59.0,5310
1940,1930,395192,9,1940,606,2009,450.0,83.0,10159
778,770,197000,7,1576,614,2006,0.0,65.0,8125
1407,1396,348000,8,2392,870,1997,423.0,82.0,9452
916,916,168000,8,1742,424,1882,0.0,121.0,17671
1020,822,187000,6,1851,440,1964,340.0,80.0,9760
750,750,173900,6,1500,564,2005,0.0,68.0,8846
1718,1700,337500,10,1718,786,2006,230.0,96.0,12456
774,747,121600,4,1230,305,1946,0.0,51.0,4712
1077,1007,91000,3,1077,210,1922,0.0,60.0,9786
1208,1187,206000,7,1208,632,2006,24.0,64.0,6762
944,0,82000,3,944,528,1952,0.0,74.0,10206
691,691,86000,5,691,216,1920,0.0,60.0,5400
1574,1574,232000,8,1574,824,2006,53.0,75.0,11957
1504,1346,181000,7,1504,457,2005,16.0,43.0,3182
985,985,149900,5,985,328,1977,220.0,65.0,8385
546,546,88000,4,1092,286,1970,0.0,21.0,2217
1710,1710,240000,7,1710,550,2004,108.0,43.0,12118
1008,1008,102000,5,1522,0,1926,0.0,60.0,6000
720,720,135000,5,1271,312,1948,0.0,115.0,21286
1664,0,100000,5,1664,0,1965,0.0,75.0,9825
900,602,165000,6,1502,180,1923,0.0,55.0,10592
1022,1022,85000,5,1022,280,1910,0.0,60.0,7200
1082,1082,119200,6,1082,240,1948,206.0,60.0,11664
810,810,227000,8,1665,528,2001,0.0,70.0,8400
1504,1504,203000,7,1504,478,1996,196.0,73.0,11883
1506,1362,213490,7,1506,440,2005,145.0,43.0,3013
1132,1132,176000,4,1132,451,2005,0.0,60.0,7024
1220,1199,194000,7,1220,632,2006,84.0,64.0,7406
912,912,87000,5,1248,160,1930,0.0,52.0,9439
1504,1346,191000,7,1504,437,2005,14.0,43.0,3182
882,882,112500,5,882,461,1972,0.0,70.0,7700
1264,1268,167500,5,1264,461,1960,324.0,73.0,9300
1646,1638,293077,8,1646,800,2007,338.0,71.0,9520
968,768,105000,5,1376,240,1941,0.0,79.0,9492
672,672,118000,6,1218,264,1972,281.0,21.0,1680
1687,824,197000,7,3082,672,1920,0.0,102.0,15863
954,920,119750,5,954,240,1938,0.0,50.0,6305
1620,1620,315500,9,1620,912,2007,70.0,89.0,12898
798,546,97000,4,1344,0,1970,0.0,21.0,1533
630,630,80000,4,630,286,1970,0.0,21.0,1477
1803,1134,155000,5,1803,484,1957,67.0,88.0,13125
1306,1306,196000,6,1306,624,2005,135.0,34.0,5381
1532,1475,262280,7,2329,514,1990,99.0,86.0,11839
2524,2524,278000,8,2524,542,1981,0.0,80.0,9600
1992,1992,556581,9,2868,716,2005,208.0,85.0,16056
990,990,145000,5,990,672,1994,0.0,57.0,9245
1771,0,115000,5,1771,336,1960,75.0,100.0,21750
930,0,84900,4,930,308,1946,0.0,60.0,11100
1302,1302,176485,7,1302,436,2007,0.0,73.0,8993
1316,1316,200141,7,1316,440,2007,0.0,103.0,11175
1127,816,165000,6,1977,540,1964,272.0,100.0,9500
1526,1216,144500,5,1526,364,1957,145.0,68.0,8562
1091,1065,255000,8,1989,586,2002,210.0,90.0,11367
1523,1193,180000,6,1523,478,1976,160.0,104.0,11361
1364,1364,185850,7,1364,484,2005,240.0,43.0,7052
1130,1104,335000,9,2184,836,2008,154.0,96.0,11308
1338,1338,213500,8,1338,582,2001,0.0,41.0,4920
894,894,81000,3,894,1248,1935,0.0,120.0,18000
1422,662,90000,5,2337,560,1900,0.0,85.0,13600
1103,1103,110500,6,1103,440,1925,0.0,50.0,6000
1306,1306,328000,7,2260,533,1996,0.0,80.0,14000
799,799,178000,6,1571,380,1993,0.0,59.0,7837
798,780,167900,6,1611,442,1964,360.0,80.0,9760
1291,942,151400,6,2521,576,1973,0.0,42.0,3964
893,845,135000,5,893,576,1949,0.0,60.0,9600
1048,1048,135000,5,1048,286,1956,120.0,72.0,10152
829,727,154000,6,1556,441,1968,0.0,78.0,11700
1002,810,91500,5,1456,280,1948,0.0,50.0,7585
698,690,159500,6,1426,440,1977,140.0,75.0,7950
1240,1240,194000,7,1240,826,2006,0.0,74.0,8556
960,800,219500,7,1740,240,1940,0.0,75.0,13125
1096,796,170000,5,1466,566,1936,0.0,60.0,10800
848,848,155900,6,848,420,2004,169.0,37.0,4435
990,990,126000,5,990,299,1994,0.0,65.0,8775
1258,1258,145000,6,1258,528,1971,144.0,80.0,11040
1040,1040,133000,5,1040,308,1963,0.0,75.0,7500
1459,1459,192000,7,1459,527,2002,100.0,70.0,8749
1251,1251,160000,6,1251,461,1964,425.0,80.0,8800
996,936,147000,6,996,564,1992,0.0,73.0,9069
1082,1082,252000,8,1953,1043,2005,0.0,85.0,10574
970,970,137500,7,1709,380,2004,50.0,24.0,2522
1247,1247,197000,8,1247,550,2005,0.0,37.0,3316
1040,0,92900,3,1040,400,1950,0.0,60.0,8544
624,600,160000,7,1252,462,1999,212.0,24.0,2160
1390,1181,136500,6,1694,576,1925,0.0,60.0,8400
1200,864,146000,5,1200,884,1965,166.0,71.0,9230
936,936,129000,5,936,308,1956,0.0,74.0,5868
1314,1314,176432,6,1314,440,2006,0.0,78.0,9317
773,684,127000,6,1355,0,1914,0.0,60.0,6882
757,672,128000,4,1324,240,1936,0.0,50.0,6000
1601,1271,157000,7,1601,478,1978,206.0,82.0,11880
438,290,60000,2,438,246,1920,0.0,60.0,8400
950,950,119500,5,950,280,1971,0.0,61.0,9758
1134,1010,135000,5,1134,254,1960,45.0,70.0,7000
1194,655,159500,6,1194,539,1959,0.0,79.0,8910
630,630,106000,5,1302,440,1970,304.0,24.0,2016
1500,1463,325000,8,2622,712,1994,362.0,98.0,12256
1442,910,179900,7,1442,719,1990,0.0,114.0,10357
887,868,274725,7,2021,422,2006,0.0,168.0,23257
1836,1836,280000,8,1836,862,2004,42.0,107.0,11362
1098,803,205000,7,1964,483,1976,660.0,80.0,10480
816,816,129900,5,816,308,1957,0.0,73.0,7100
1008,1008,134500,5,1008,240,1953,0.0,66.0,8923
833,833,117000,5,833,326,1954,0.0,90.0,5400
1734,1734,318000,8,1734,928,2007,328.0,93.0,12085
894,894,130000,5,894,450,1967,0.0,57.0,9764
1021,533,140000,5,1601,300,1958,0.0,85.0,13825
1040,1040,133700,5,1040,286,1959,0.0,70.0,7560
1012,1012,118400,6,1012,308,1920,0.0,59.0,8263
1552,1552,212900,7,1552,782,2005,196.0,84.0,10084
698,698,118000,5,698,0,1947,0.0,50.0,9405
1005,1005,115000,4,1005,672,1955,0.0,60.0,10434
1555,1373,174000,7,1555,660,2007,130.0,53.0,3684
1530,1530,259000,7,1530,630,2004,0.0,182.0,14572
847,847,215000,7,1959,434,2004,0.0,59.0,11796
936,936,140000,5,936,672,1980,180.0,60.0,7200
1328,1122,135000,4,1981,576,1928,0.0,65.0,7804
974,974,93500,5,974,0,1991,0.0,63.0,10712
1178,1008,117500,6,2210,205,1880,0.0,90.0,9900
1142,1128,239500,8,2020,466,1995,0.0,80.0,9828
916,916,169000,6,1600,460,1997,0.0,57.0,8773
986,960,102000,6,986,180,1926,0.0,60.0,6180
1032,1032,119000,6,1252,288,1950,0.0,80.0,9600
780,780,94000,5,1020,0,1875,0.0,54.0,6342
1167,915,144000,5,1167,495,1920,0.0,98.0,8731
952,952,139000,5,952,840,1951,0.0,60.0,7350
1466,1466,424870,8,2828,1052,2006,340.0,77.0,9965
672,672,80000,4,924,280,1941,0.0,60.0,12180
1042,1042,149000,5,1576,225,1928,0.0,52.0,6240
860,704,174500,7,1564,234,1941,0.0,75.0,12000
832,650,143000,7,1482,324,1920,0.0,50.0,9000
932,932,124000,6,932,306,1950,0.0,57.0,8280
1466,1466,149900,5,1466,528,1959,132.0,134.0,17755
1811,1073,230000,6,1811,470,1956,0.0,90.0,14115
1437,1437,218000,5,1437,528,1976,0.0,90.0,10768
1265,1219,179900,5,1265,502,1965,0.0,85.0,9350
1314,1314,230000,7,1314,626,2007,166.0,34.0,5001
1580,1580,235128,8,1580,830,2007,186.0,92.0,11932
943,901,185000,6,1876,540,1974,270.0,76.0,9120
855,855,146000,6,1456,440,1978,0.0,24.0,2280
894,894,129000,5,894,450,1968,0.0,109.0,8724
1258,1198,108959,4,1258,400,1969,0.0,60.0,12900
1502,1502,233170,7,1502,644,2009,268.0,79.0,9541
1694,1694,245350,8,1694,776,2008,72.0,64.0,10475
959,959,173000,6,1671,472,2000,0.0,58.0,10852
1236,1127,235000,6,2108,540,1935,0.0,120.0,13728
1831,1930,625000,10,3627,807,1995,1378.0,118.0,35760
1118,1096,171000,6,1118,358,1977,0.0,76.0,9880
1261,1261,163000,6,1261,433,1958,0.0,76.0,9120
625,625,171900,7,1250,625,2006,0.0,35.0,4017
1636,1598,200500,5,3086,0,1946,0.0,138.0,18030
1170,952,239000,6,2345,360,1932,0.0,80.0,16560
2129,1683,285000,8,2872,541,1992,337.0,85.0,10678
923,876,119500,5,923,264,1984,0.0,37.0,6951
820,731,154900,5,1343,186,1921,0.0,54.0,7681
1124,0,93000,5,1124,0,1954,0.0,77.0,8335
1652,1600,392500,8,1652,482,2008,186.0,64.0,5587
2411,2396,745000,10,4476,813,1996,0.0,160.0,15623
1130,1120,120000,5,1130,720,1920,0.0,60.0,10800
1572,1572,186700,5,1572,995,1963,226.0,50.0,35133
949,784,104900,5,1221,392,1924,0.0,60.0,9738
1014,978,95000,3,1699,420,1900,0.0,107.0,10615
1624,1624,262000,8,1624,757,1994,0.0,89.0,12461
831,831,195000,7,1660,493,2002,95.0,68.0,8935
1028,994,189000,7,1804,442,1999,0.0,60.0,7500
764,776,174000,8,1441,492,1999,456.0,24.0,2645
842,702,125000,5,1472,250,1925,0.0,60.0,9600
663,663,158000,6,1352,299,1969,143.0,80.0,9364
728,728,176000,6,1456,400,2005,0.0,51.0,8029
879,879,219210,7,1863,660,2006,0.0,58.0,14054
815,815,144000,7,1690,225,1916,0.0,65.0,8850
1212,1212,178000,7,1212,573,2001,0.0,70.0,9100
1382,1051,148000,4,1382,459,1963,51.0,75.0,11235
864,864,116050,4,864,280,1970,0.0,71.0,9353
866,866,197900,7,1779,546,1998,0.0,80.0,10400
884,884,117000,5,1348,216,1925,0.0,50.0,6000
1630,1630,213000,7,1630,451,2000,171.0,75.0,9750
1074,1056,153500,5,1074,495,1975,0.0,78.0,10140
2196,2158,271900,7,2196,701,1990,234.0,90.0,14684
1700,1682,200000,6,1700,544,2003,120.0,70.0,9135
1283,931,140000,5,1283,506,1962,0.0,70.0,7763
1660,1660,290000,8,1660,500,2006,420.0,85.0,10182
1055,1055,189000,6,1845,462,1992,0.0,70.0,11218
1080,559,164000,8,1752,492,1988,0.0,152.0,12134
672,672,113000,4,672,234,1941,0.0,50.0,9340
999,925,134500,5,999,300,1962,0.0,69.0,10205
894,894,125000,5,894,384,1966,0.0,99.0,7094
1318,0,112000,6,1902,539,1978,0.0,68.0,8930
1314,1300,229456,8,1314,552,2009,72.0,72.0,8640
672,0,80500,4,912,0,1947,0.0,52.0,6240
672,672,91500,6,1218,0,1971,236.0,21.0,1680
912,912,115000,5,912,288,1964,0.0,66.0,7800
1211,952,134000,5,1211,322,1968,0.0,55.0,8250
1168,1040,143000,6,1846,315,1949,320.0,78.0,10496
2136,2136,137900,5,2136,528,1951,44.0,89.0,10680
788,788,184000,7,1490,388,2004,0.0,60.0,15384
1138,588,145000,6,1138,264,1958,63.0,65.0,10482
894,894,214000,6,1933,668,2007,74.0,86.0,14598
912,912,147000,5,912,576,1965,300.0,72.0,8872
1702,1702,367294,9,1702,1052,2008,766.0,65.0,8769
1507,1075,127000,5,1507,404,1960,0.0,70.0,7910
1190,1106,132500,5,1190,540,1962,120.0,70.0,7728
1224,0,101800,4,1224,462,1962,0.0,70.0,9842
1024,940,130000,5,1964,0,1911,0.0,55.0,8525
892,747,138887,5,1784,180,1914,0.0,96.0,13132
764,764,175500,7,1626,474,2003,106.0,36.0,2628
847,847,195000,7,1948,434,2004,0.0,41.0,12393
1141,1141,142500,6,1141,484,2005,0.0,63.0,13072
1484,1476,265900,8,1484,472,2006,32.0,64.0,9037
884,884,224900,7,1768,543,2003,252.0,65.0,8158
1689,1689,248328,7,1689,954,2007,0.0,83.0,9849
1173,1053,170000,7,1173,528,1974,81.0,85.0,10625
1140,585,178000,6,1868,477,1984,74.0,78.0,12090
756,756,186500,7,1553,615,2005,0.0,65.0,8125
1134,735,129500,6,2058,396,1917,0.0,60.0,9600
988,876,119000,5,988,276,1950,0.0,60.0,7200
2110,2110,244000,7,2110,522,1968,0.0,93.0,11160
874,864,130000,5,874,288,1968,0.0,62.0,9858
760,746,165400,7,1656,397,2003,92.0,60.0,6931
959,884,127500,6,1367,560,1931,0.0,52.0,6240
1987,1986,301500,8,1987,691,1994,554.0,91.0,14303
864,864,99900,5,864,0,1922,0.0,56.0,4060
1166,856,190000,7,1166,400,2005,182.0,59.0,9587
1054,1054,151000,6,1054,460,1969,0.0,65.0,9750
1050,1050,128900,5,1050,338,1956,0.0,80.0,9600
1060,764,180500,6,1824,520,1919,0.0,60.0,13515
1337,1405,181000,6,1337,511,1998,0.0,34.0,4060
713,691,183900,7,1452,506,1999,218.0,35.0,3735
964,925,122000,7,1889,308,1910,0.0,60.0,10120
2018,2002,378500,9,2018,746,2008,0.0,89.0,13214
874,874,144000,5,1524,315,1958,180.0,78.0,11344
1357,1019,177000,6,1357,312,1959,84.0,124.0,11512
661,661,139000,5,1250,552,1910,0.0,53.0,5362
928,928,137000,5,1920,400,1948,567.0,95.0,11345
698,698,68400,4,1128,528,1920,0.0,60.0,7500
1573,1573,227000,7,1573,544,2002,110.0,67.0,9808
1339,1309,180000,7,1339,484,1990,54.0,50.0,8049
1040,1040,150500,5,1040,484,1977,0.0,61.0,8800
912,912,139000,6,1824,0,1971,0.0,94.0,9400
1699,804,169000,6,2447,336,1919,0.0,50.0,9638
825,780,132500,6,1412,280,1939,0.0,50.0,6000
1659,1501,278000,8,1659,499,2000,0.0,40.0,5664
1120,1085,281000,8,1970,753,2006,788.0,86.0,11065
630,630,119500,5,1302,264,1972,268.0,21.0,1680
1378,994,107500,5,2372,432,1892,0.0,60.0,6600
832,832,162900,7,1664,528,1976,0.0,78.0,10140
864,864,115000,5,864,572,1955,0.0,60.0,8172
1052,1052,138500,5,1052,288,1968,168.0,70.0,8400
1128,1120,155000,5,1128,525,1963,148.0,80.0,8700
1072,547,140000,6,1072,525,2005,82.0,35.0,3675
4692,6110,160000,10,5642,1418,2008,796.0,313.0,63887
1246,1246,154000,5,1246,305,1959,0.0,75.0,7500
1203,1165,290000,8,2526,844,1994,391.0,92.0,10120
1616,1616,232000,7,1616,834,2005,228.0,73.0,8688
976,976,130000,7,1708,380,2004,117.0,32.0,3363
1652,1652,325000,9,1652,840,2006,300.0,108.0,13173
1368,1368,202500,7,1368,474,2005,94.0,48.0,6955
990,990,138000,5,990,480,1994,0.0,60.0,8072
1122,924,147000,5,1122,528,1948,0.0,100.0,12000
1902,1902,335000,7,1902,567,1959,0.0,100.0,17500
1274,1274,203000,7,1274,508,2005,80.0,68.0,8814
1422,1393,333168,9,2599,779,1999,165.0,108.0,14774
948,948,119000,4,948,280,1954,0.0,60.0,8190
1092,952,206900,6,2112,576,1969,0.0,85.0,11075
1630,1622,295493,8,1630,860,2008,270.0,61.0,10226
1352,1352,208900,7,1352,466,2006,0.0,47.0,4230
948,864,111000,4,948,248,1954,132.0,75.0,10215
1478,1478,156500,6,1478,442,1957,0.0,70.0,8400
1061,750,190000,7,1923,564,1992,0.0,107.0,10186
708,420,82500,4,708,0,1940,0.0,50.0,5330
1795,1795,147000,8,1795,895,2006,428.0,75.0,9986
796,796,55000,4,796,0,1922,0.0,40.0,3636
774,544,79000,3,774,0,1931,0.0,70.0,4270
816,816,130500,5,816,264,1982,0.0,60.0,6600
1584,1510,256000,6,2792,520,1920,0.0,60.0,10440
955,935,176500,7,1632,462,1998,0.0,63.0,9084
1588,1588,227000,8,1588,825,2006,410.0,85.0,10000
954,911,132500,5,954,576,1976,0.0,55.0,10780
816,816,100000,4,816,288,1938,0.0,67.0,8877
803,803,125500,5,1360,297,1938,0.0,60.0,7200
765,765,125000,5,1365,440,1970,312.0,24.0,2368
1334,1350,167900,6,1334,630,1977,360.0,80.0,9650
1656,1656,135000,5,1656,506,1973,564.0,87.0,9246
693,693,52500,4,693,0,1941,0.0,153.0,4118
920,916,200000,7,1861,492,2002,0.0,95.0,13450
864,864,128500,5,864,288,1972,0.0,120.0,9560
872,858,123000,4,872,480,1971,0.0,70.0,8294
1114,1114,155000,6,1114,576,2003,0.0,66.0,13695
1172,896,177000,6,1913,342,1928,0.0,57.0,7558
728,728,155835,7,1456,440,2006,0.0,85.0,11103
960,960,108500,4,960,308,1920,0.0,50.0,6000
1776,1732,283463,8,1776,712,2006,100.0,93.0,15306
938,684,122000,8,2358,0,1872,0.0,50.0,5250
1338,1248,200000,5,2634,968,1969,368.0,91.0,11643
858,858,171000,6,1716,490,1962,318.0,70.0,9247
786,698,134900,6,1176,624,1937,0.0,50.0,6000
2053,2033,410000,8,3238,666,1995,579.0,56.0,14720
1222,570,170000,7,1920,487,1968,143.0,102.0,10192
1980,1980,315000,9,1980,770,2004,66.0,129.0,16737
990,612,189000,5,2601,621,1921,0.0,51.0,9842
1530,1530,260000,7,1530,430,2005,16.0,124.0,16158
616,616,156932,6,1412,432,2006,0.0,73.0,8499
520,600,144152,7,1200,480,2005,0.0,30.0,3180
882,873,193000,7,1790,588,1999,158.0,68.0,9179
925,757,127000,5,1475,336,1977,0.0,41.0,2665
1668,1657,232000,8,1668,502,2003,171.0,48.0,10635
840,840,105000,4,1374,338,1920,0.0,90.0,5400
1661,992,165500,6,1661,377,1955,0.0,80.0,9600
1108,1108,274300,7,2097,583,1998,0.0,75.0,9750
1026,1026,250000,7,1958,936,2005,0.0,85.0,10625
1571,1571,239000,8,1571,722,2007,80.0,89.0,10991
790,768,91000,6,790,160,1930,0.0,52.0,6292
984,984,117000,5,1604,660,1941,0.0,60.0,10998
483,483,83000,6,987,264,1973,408.0,21.0,1953
754,384,167500,5,1394,400,2006,0.0,73.0,9735
864,864,58500,3,864,200,1914,0.0,45.0,8212
998,596,157000,7,1762,576,1920,0.0,60.0,7200
698,560,105000,6,1258,280,1939,0.0,60.0,9060
796,796,125500,4,1154,240,1922,0.0,40.0,5436
1392,1392,250000,7,2784,564,1978,184.0,80.0,16692
1664,714,136000,6,2526,216,1916,0.0,60.0,8520
1746,1746,377500,9,1746,758,2006,160.0,42.0,14892
869,735,131000,6,1218,440,1941,0.0,60.0,6000
1525,1525,235000,7,1525,541,2000,244.0,70.0,9100
1584,1584,124000,5,1584,792,1967,0.0,65.0,8944
900,864,123000,5,900,288,1967,0.0,68.0,7838
1221,482,163000,6,1912,672,1905,0.0,60.0,10800
1500,1356,246578,7,1500,648,2006,45.0,53.0,4045
1133,1094,281213,8,2482,642,2005,245.0,88.0,12665
939,939,137500,5,1513,180,1920,0.0,51.0,6120
1136,1208,138000,5,1904,240,1950,0.0,60.0,7200
1160,976,137450,6,1608,216,1925,0.0,51.0,6171
950,862,120000,6,1158,208,1929,0.0,50.0,6000
864,839,193000,6,1593,398,2004,0.0,62.0,7415
1294,1286,193879,7,1294,662,2006,0.0,64.0,6762
1464,1485,282922,8,1464,754,2007,84.0,49.0,15256
694,672,105000,3,1214,936,1915,0.0,60.0,10410
1646,1594,275000,8,1646,482,2004,174.0,44.0,3842
768,768,133000,5,768,396,1972,0.0,70.0,8445
741,622,125500,4,1363,528,1910,0.0,60.0,7740
1236,791,215000,7,2093,542,1986,123.0,46.0,20544
944,944,230000,7,1840,622,2001,0.0,79.0,12420
1112,856,140000,6,1668,271,1950,0.0,80.0,9600
1040,0,90000,4,1040,420,1949,0.0,60.0,7200
1844,1844,257000,8,1844,620,2005,366.0,88.0,10994
1053,833,207000,6,1848,370,1923,0.0,64.0,13053
1569,1386,175900,7,1569,660,2007,130.0,51.0,3635
1246,777,122500,4,2290,560,1885,0.0,60.0,11340
1144,1144,124000,5,1144,336,1963,0.0,71.0,9204
708,708,179900,6,1416,776,1968,420.0,90.0,11700
1069,1069,127500,6,1069,440,1977,0.0,53.0,4043
848,848,136500,6,848,420,2003,170.0,37.0,4435
1252,1252,142000,6,1252,528,1959,243.0,80.0,10721
1223,1223,271000,7,2127,525,1994,448.0,81.0,10944
1048,913,140000,5,1558,288,1945,0.0,60.0,10930
804,788,119000,5,804,240,1940,294.0,60.0,7200
734,732,192140,5,1838,372,2005,0.0,60.0,21930
968,656,64500,4,968,216,1927,0.0,60.0,10800
962,936,186500,6,1792,451,2000,318.0,93.0,10261
1126,1126,160000,5,1126,484,1977,0.0,80.0,17400
1537,1319,174000,6,1537,462,1962,237.0,80.0,8400
864,864,120500,4,864,528,1971,0.0,60.0,9000
1932,1932,394617,8,1932,774,2008,426.0,96.0,12444
1236,912,149700,6,1236,923,1957,0.0,90.0,7407
1040,539,197000,7,1725,550,1979,96.0,80.0,11584
1423,588,191000,6,2555,672,1922,0.0,79.0,11526
1026,1017,310000,10,2007,812,2008,160.0,85.0,11003
1422,1422,179600,7,1422,626,2004,106.0,63.0,8500
913,814,129000,6,913,240,1966,0.0,70.0,8400
1220,1220,240000,8,2090,556,1995,438.0,80.0,10000
796,560,112000,4,1346,384,1910,0.0,70.0,11767
630,630,92000,5,630,0,1970,0.0,21.0,1533
896,896,136000,5,1792,0,1974,0.0,60.0,9000
1578,1573,287090,8,1578,840,2008,194.0,78.0,9262
1072,547,145000,5,1072,525,2005,80.0,35.0,3675
1140,1140,84500,5,1140,0,2006,0.0,90.0,17217
1221,1221,185000,7,1221,400,2004,0.0,62.0,7500
953,953,175000,6,1647,460,1999,0.0,62.0,7917
2073,1542,210000,6,2073,500,1978,119.0,85.0,13175
1188,1152,266500,7,2340,252,1941,0.0,66.0,9042
1078,1078,142125,5,1078,240,1950,0.0,68.0,9717
1256,1256,147500,5,1256,276,1965,0.0,75.0,9937
